name,M7,M8,M9,M10,M11,M12,M13,M14,M15,M16,M17,M18,TU7,TU8,TU9,TU10,TU11,TU12,TU13,TU14,TU15,TU16,TU17,TU18,W7,W8,W9,W10,W11,W12,W13,W14,W15,W16,W17,W18,TH7,TH8,TH9,TH10,TH11,TH12,TH13,TH14,TH15,TH16,TH17,TH18,F7,F8,F9,F10,F11,F12,F13,F14,F15,F16,F17,F18,SA7,SA8,SA9,SA10,SA11,SA12,SA13,SA14,SA15,SA16,SA17,SA18,daily_wait_std,daily_wait_25,daily_wait_50,daily_wait_75,weekday_wait_std,weekday_wait_25,weekday_wait_50,weekday_wait_75,mon_avg,tues_avg,wed_avg,thurs_avg,fri_avg,sat_avg,7_weekday_hour_avg_wait,8_weekday_hour_avg_wait,9_weekday_hour_avg_wait,10_weekday_hour_avg_wait,11_weekday_hour_avg_wait,12_weekday_hour_avg_wait,13_weekday_hour_avg_wait,14_weekday_hour_avg_wait,15_weekday_hour_avg_wait,16_weekday_hour_avg_wait,17_weekday_hour_avg_wait,18_weekday_hour_avg_wait
Alturas,0.0,1.0,2.0,1.0,2.0,0.0,2.0,1.0,1.0,0.0,0.0,0.0,0.0,1.0,1.0,1.0,0.0,0.0,1.0,1.0,1.0,1.0,0.0,0.0,0.0,1.0,1.0,1.0,1.0,0.0,2.0,2.0,1.0,1.0,0.0,0.0,0.0,0.0,0.0,1.0,1.0,0.0,2.0,1.0,1.0,0.0,0.0,0.0,0.0,1.0,1.0,3.0,2.0,0.0,3.0,1.0,1.0,1.0,0.0,0.0,0.0,0.0,0.0,0.0,0.0,0.0,0.0,0.0,0.0,0.0,0.0,0.0,0.7746976794354631,0.0,0.0,1.0,0.7890493457677391,0.0,1.0,1.0,0.8333333333333334,0.5833333333333334,0.8333333333333334,0.5,1.0833333333333333,0.0,0.0,0.8,1.0,1.4,1.2,0.0,2.0,1.2,1.0,0.6,0.0,0.0
Arleta,0.0,12.0,21.0,33.0,31.0,34.0,32.0,31.0,43.0,28.0,4.0,0.0,0.0,15.0,28.0,33.0,32.0,34.0,26.0,29.0,35.0,23.0,7.0,0.0,0.0,7.0,20.0,40.0,34.0,41.0,42.0,40.0,50.0,12.0,0.0,0.0,0.0,11.0,18.0,30.0,16.0,10.0,20.0,13.0,17.0,11.0,4.0,0.0,0.0,13.0,18.0,31.0,31.0,27.0,30.0,27.0,31.0,14.0,2.0,0.0,0.0,0.0,0.0,0.0,0.0,0.0,0.0,0.0,0.0,0.0,0.0,0.0,14.939254935510306,0.0,14.5,31.0,14.20530457139521,7.0,20.0,31.0,22.416666666666668,21.833333333333332,23.833333333333332,12.5,18.666666666666668,0.0,0.0,11.6,21.0,33.4,28.8,29.2,30.0,28.0,35.2,17.6,3.4,0.0
Arvin,0.0,14.0,36.0,38.0,38.0,33.0,36.0,36.0,25.0,7.0,0.0,0.0,0.0,16.0,39.0,28.0,24.0,26.0,32.0,27.0,26.0,12.0,1.0,0.0,0.0,5.0,18.0,24.0,23.0,25.0,34.0,24.0,27.0,8.0,0.0,0.0,0.0,6.0,11.0,13.0,22.0,28.0,15.0,11.0,10.0,9.0,0.0,0.0,0.0,10.0,11.0,10.0,16.0,16.0,17.0,8.0,16.0,9.0,1.0,0.0,0.0,0.0,0.0,0.0,0.0,0.0,0.0,0.0,0.0,0.0,0.0,0.0,12.776450056895225,0.0,10.0,24.0,12.510097616440943,4.0,13.5,25.25,21.916666666666668,19.25,15.666666666666666,10.416666666666666,9.5,0.0,0.0,10.2,23.0,22.6,24.6,25.6,26.8,21.2,20.8,9.0,0.4,0.0
Auburn,0.0,12.0,28.0,33.0,36.0,33.0,30.0,20.0,16.0,5.0,0.0,0.0,0.0,7.0,17.0,11.0,9.0,19.0,20.0,17.0,21.0,17.0,0.0,0.0,0.0,2.0,14.0,30.0,37.0,50.0,36.0,18.0,27.0,18.0,0.0,0.0,0.0,8.0,15.0,15.0,11.0,17.0,18.0,14.0,20.0,5.0,0.0,0.0,0.0,8.0,15.0,20.0,26.0,23.0,26.0,21.0,26.0,17.0,0.0,0.0,0.0,0.0,0.0,0.0,0.0,0.0,0.0,0.0,0.0,0.0,0.0,0.0,12.355075366987595,0.0,11.5,20.0,12.10658876502476,1.5,15.5,21.0,17.75,11.5,19.333333333333332,10.25,15.166666666666666,0.0,0.0,7.4,17.8,21.8,23.8,28.4,26.0,18.0,22.0,12.4,0.0,0.0
Bakersfield Southwest,0.0,15.0,42.0,45.0,33.0,33.0,32.0,31.0,38.0,17.0,0.0,0.0,0.0,14.0,37.0,41.0,42.0,43.0,23.0,25.0,30.0,11.0,0.0,0.0,0.0,5.0,22.0,48.0,44.0,30.0,33.0,32.0,30.0,12.0,0.0,0.0,0.0,11.0,14.0,17.0,15.0,16.0,17.0,18.0,26.0,13.0,0.0,0.0,0.0,15.0,29.0,21.0,19.0,22.0,23.0,23.0,20.0,9.0,0.0,0.0,0.0,0.0,0.0,0.0,0.0,0.0,0.0,0.0,0.0,0.0,0.0,0.0,15.134348790153952,0.0,15.0,29.25,14.658677844819161,3.75,17.5,30.25,23.833333333333332,22.166666666666668,21.333333333333332,12.25,15.083333333333334,0.0,0.0,12.0,28.8,34.4,30.6,28.8,25.6,25.8,28.8,12.4,0.0,0.0
Bakersfield,0.0,10.0,28.0,47.0,42.0,65.0,48.0,39.0,36.0,35.0,2.0,0.0,0.0,13.0,32.0,46.0,37.0,38.0,39.0,35.0,46.0,23.0,4.0,0.0,0.0,6.0,16.0,31.0,19.0,36.0,36.0,37.0,32.0,10.0,0.0,0.0,0.0,11.0,19.0,27.0,29.0,36.0,32.0,33.0,34.0,13.0,0.0,0.0,0.0,10.0,17.0,30.0,29.0,27.0,30.0,46.0,38.0,11.0,0.0,0.0,0.0,0.0,0.0,0.0,0.0,0.0,0.0,0.0,0.0,0.0,0.0,0.0,17.681497893621128,0.0,16.5,35.0,17.004153696607574,5.5,27.5,36.0,29.333333333333332,26.083333333333332,18.583333333333332,19.5,19.833333333333332,0.0,0.0,10.0,22.4,36.2,31.2,40.4,37.0,38.0,37.2,18.4,1.2,0.0
Banning,0.0,12.0,20.0,32.0,34.0,33.0,31.0,23.0,22.0,10.0,1.0,0.0,0.0,14.0,27.0,42.0,35.0,30.0,28.0,27.0,30.0,12.0,0.0,0.0,0.0,4.0,13.0,32.0,33.0,29.0,27.0,17.0,20.0,11.0,0.0,0.0,0.0,11.0,26.0,36.0,40.0,35.0,26.0,27.0,17.0,4.0,0.0,0.0,0.0,10.0,27.0,42.0,52.0,56.0,47.0,36.0,29.0,14.0,0.0,0.0,0.0,0.0,0.0,0.0,0.0,0.0,0.0,0.0,0.0,0.0,0.0,0.0,15.953178754187748,0.0,13.5,29.25,15.500537625084709,3.25,21.0,31.25,18.166666666666668,20.416666666666668,15.5,18.5,26.083333333333332,0.0,0.0,10.2,22.6,36.8,38.8,36.6,31.8,26.0,23.6,10.2,0.2,0.0
Bell Gardens,1.0,22.0,9.0,16.0,26.0,29.0,34.0,23.0,31.0,17.0,0.0,0.0,1.0,24.0,29.0,32.0,37.0,42.0,43.0,41.0,41.0,17.0,0.0,0.0,1.0,10.0,14.0,21.0,24.0,34.0,32.0,31.0,35.0,23.0,1.0,0.0,1.0,17.0,14.0,16.0,22.0,20.0,29.0,22.0,24.0,13.0,0.0,0.0,1.0,12.0,9.0,15.0,16.0,16.0,13.0,14.0,24.0,17.0,0.0,0.0,0.0,0.0,0.0,0.0,0.0,0.0,0.0,0.0,0.0,0.0,0.0,0.0,13.51055925073443,0.0,14.5,24.0,12.929010868349454,7.0,17.0,26.75,17.333333333333332,25.583333333333332,18.833333333333332,14.833333333333334,11.416666666666666,0.0,1.0,17.0,15.0,20.0,25.0,28.2,30.2,26.2,31.0,17.4,0.2,0.0
Bellflower,0.0,17.0,47.0,43.0,48.0,52.0,38.0,32.0,40.0,26.0,2.0,0.0,0.0,18.0,45.0,49.0,44.0,48.0,38.0,35.0,50.0,45.0,10.0,0.0,0.0,10.0,36.0,52.0,45.0,37.0,29.0,33.0,40.0,32.0,0.0,0.0,0.0,15.0,37.0,59.0,57.0,66.0,65.0,42.0,43.0,29.0,1.0,0.0,0.0,15.0,40.0,41.0,36.0,41.0,38.0,27.0,31.0,20.0,0.0,0.0,0.0,0.0,0.0,0.0,0.0,0.0,0.0,0.0,0.0,0.0,0.0,0.0,21.0861560766956,0.0,29.0,41.25,19.79545116954018,10.0,35.5,43.25,28.75,31.833333333333332,26.166666666666668,34.5,24.083333333333332,0.0,0.0,15.0,41.0,48.8,46.0,48.8,41.6,33.8,40.8,30.4,2.6,0.0
Brawley,0.0,12.0,18.0,25.0,23.0,25.0,27.0,33.0,26.0,17.0,0.0,0.0,0.0,10.0,9.0,13.0,15.0,18.0,21.0,16.0,20.0,8.0,0.0,0.0,0.0,5.0,16.0,14.0,14.0,14.0,21.0,14.0,12.0,14.0,1.0,0.0,0.0,6.0,3.0,7.0,4.0,7.0,8.0,9.0,8.0,5.0,1.0,0.0,0.0,6.0,6.0,13.0,7.0,8.0,14.0,7.0,5.0,8.0,1.0,0.0,0.0,0.0,0.0,0.0,0.0,0.0,0.0,0.0,0.0,0.0,0.0,0.0,8.49150362437754,0.0,7.0,14.0,8.376116166451986,2.5,8.0,14.25,17.166666666666668,10.833333333333334,10.416666666666666,4.833333333333333,6.25,0.0,0.0,7.8,10.4,14.4,12.6,14.4,18.2,15.8,14.2,10.4,0.6,0.0
Capitola,0.0,6.0,14.0,16.0,13.0,16.0,15.0,14.0,13.0,4.0,0.0,0.0,0.0,6.0,9.0,7.0,9.0,16.0,17.0,16.0,11.0,5.0,0.0,0.0,0.0,2.0,7.0,13.0,7.0,8.0,7.0,8.0,8.0,2.0,0.0,0.0,0.0,3.0,3.0,6.0,3.0,4.0,5.0,6.0,9.0,4.0,0.0,0.0,0.0,3.0,7.0,7.0,6.0,12.0,9.0,13.0,7.0,3.0,0.0,0.0,0.0,0.0,0.0,0.0,0.0,0.0,0.0,0.0,0.0,0.0,0.0,0.0,5.394292903721712,0.0,4.0,8.25,5.31544492984923,1.5,6.0,9.0,9.25,8.0,5.166666666666667,3.5833333333333335,5.583333333333333,0.0,0.0,4.0,8.0,9.8,7.6,11.2,10.6,11.4,9.6,3.6,0.0,0.0
Carmichael,2.0,29.0,20.0,24.0,25.0,26.0,27.0,26.0,28.0,11.0,0.0,0.0,1.0,21.0,17.0,25.0,29.0,31.0,24.0,22.0,19.0,7.0,0.0,0.0,1.0,3.0,8.0,24.0,25.0,27.0,24.0,17.0,19.0,11.0,0.0,0.0,1.0,18.0,15.0,8.0,5.0,7.0,7.0,8.0,11.0,6.0,0.0,0.0,1.0,12.0,13.0,17.0,19.0,24.0,20.0,19.0,19.0,13.0,0.0,0.0,0.0,0.0,0.0,0.0,0.0,0.0,0.0,0.0,0.0,0.0,0.0,0.0,10.583005244258363,0.0,9.5,20.25,10.170079079071915,2.75,14.0,24.0,18.166666666666668,16.333333333333332,13.25,7.166666666666667,13.083333333333334,0.0,1.2,16.6,14.6,19.6,20.6,23.0,20.4,18.4,19.2,9.6,0.0,0.0
Chico,0.0,9.0,28.0,30.0,22.0,26.0,8.0,11.0,25.0,16.0,0.0,0.0,0.0,11.0,15.0,21.0,12.0,11.0,8.0,16.0,22.0,4.0,0.0,0.0,0.0,3.0,13.0,27.0,24.0,11.0,10.0,15.0,17.0,13.0,0.0,0.0,0.0,7.0,4.0,8.0,6.0,9.0,8.0,13.0,17.0,4.0,0.0,0.0,0.0,7.0,11.0,19.0,15.0,10.0,9.0,17.0,21.0,6.0,0.0,0.0,0.0,0.0,0.0,0.0,0.0,0.0,0.0,0.0,0.0,0.0,0.0,0.0,8.733390226672011,0.0,8.0,15.0,8.587518863210066,2.25,9.5,16.0,14.583333333333334,10.0,11.083333333333334,6.333333333333333,9.583333333333334,0.0,0.0,7.4,14.2,21.0,15.8,13.4,8.6,14.4,20.4,8.6,0.0,0.0
Chula Vista,0.0,12.0,19.0,27.0,28.0,26.0,32.0,20.0,21.0,13.0,1.0,0.0,0.0,13.0,18.0,20.0,28.0,30.0,26.0,18.0,22.0,11.0,1.0,0.0,0.0,3.0,11.0,20.0,24.0,27.0,23.0,20.0,21.0,8.0,1.0,0.0,0.0,11.0,15.0,16.0,11.0,12.0,19.0,13.0,15.0,5.0,0.0,0.0,0.0,11.0,15.0,15.0,14.0,14.0,16.0,17.0,15.0,6.0,0.0,0.0,0.0,0.0,0.0,0.0,0.0,0.0,0.0,0.0,0.0,0.0,0.0,0.0,9.972575854340695,0.0,11.5,19.0,9.525819803977667,2.5,14.0,20.0,16.583333333333332,15.583333333333334,13.166666666666666,9.75,10.25,0.0,0.0,10.0,15.6,19.6,21.0,21.8,23.2,17.6,18.8,8.6,0.6,0.0
Clovis,0.0,15.0,45.0,66.0,71.0,78.0,56.0,41.0,26.0,10.0,0.0,0.0,0.0,17.0,55.0,84.0,65.0,56.0,60.0,42.0,31.0,11.0,1.0,0.0,0.0,6.0,23.0,58.0,72.0,65.0,41.0,30.0,36.0,16.0,0.0,0.0,0.0,12.0,30.0,45.0,48.0,37.0,32.0,26.0,28.0,7.0,1.0,0.0,0.0,12.0,32.0,36.0,31.0,32.0,31.0,23.0,31.0,9.0,0.0,0.0,0.0,0.0,0.0,0.0,0.0,0.0,0.0,0.0,0.0,0.0,0.0,0.0,24.330471244633046,0.0,16.5,38.0,24.072630214077748,4.75,29.0,42.75,34.0,35.166666666666664,28.916666666666668,22.166666666666668,19.75,0.0,0.0,12.4,37.0,57.8,57.4,53.6,44.0,32.4,30.4,10.6,0.4,0.0
Coalinga,0.0,7.0,15.0,21.0,24.0,35.0,48.0,43.0,30.0,18.0,0.0,0.0,0.0,5.0,7.0,9.0,9.0,24.0,28.0,14.0,4.0,2.0,0.0,0.0,0.0,1.0,6.0,19.0,19.0,9.0,16.0,14.0,5.0,3.0,0.0,0.0,0.0,5.0,10.0,9.0,7.0,13.0,12.0,9.0,11.0,6.0,0.0,0.0,0.0,3.0,6.0,6.0,6.0,13.0,11.0,13.0,11.0,4.0,0.0,0.0,0.0,0.0,0.0,0.0,0.0,0.0,0.0,0.0,0.0,0.0,0.0,0.0,10.424292982934297,0.0,5.5,12.25,10.694789903193344,0.75,7.0,13.25,20.083333333333332,8.5,7.666666666666667,6.833333333333333,6.083333333333333,0.0,0.0,4.2,8.8,12.8,13.0,18.8,23.0,18.6,12.2,6.6,0.0,0.0
Compton,0.0,11.0,28.0,34.0,49.0,55.0,49.0,59.0,69.0,58.0,14.0,0.0,0.0,14.0,34.0,49.0,50.0,46.0,40.0,42.0,47.0,41.0,8.0,0.0,0.0,6.0,10.0,18.0,31.0,44.0,30.0,21.0,16.0,6.0,1.0,0.0,0.0,7.0,13.0,16.0,18.0,22.0,12.0,20.0,22.0,13.0,0.0,0.0,0.0,9.0,23.0,37.0,51.0,42.0,33.0,36.0,38.0,25.0,11.0,0.0,0.0,0.0,0.0,0.0,0.0,0.0,0.0,0.0,0.0,0.0,0.0,0.0,19.66049875429425,0.0,14.0,36.25,19.213166389532578,7.75,20.5,40.25,35.5,30.916666666666668,15.25,11.916666666666666,25.416666666666668,0.0,0.0,9.4,21.6,30.8,39.8,41.8,32.8,35.6,38.4,28.6,6.8,0.0
Concord,0.0,20.0,49.0,67.0,77.0,83.0,86.0,86.0,76.0,26.0,0.0,0.0,0.0,19.0,48.0,59.0,72.0,75.0,67.0,70.0,70.0,48.0,0.0,0.0,0.0,6.0,27.0,58.0,75.0,78.0,89.0,83.0,85.0,79.0,4.0,0.0,0.0,14.0,30.0,28.0,28.0,20.0,15.0,11.0,11.0,9.0,1.0,0.0,0.0,16.0,39.0,49.0,49.0,43.0,44.0,47.0,52.0,53.0,10.0,0.0,0.0,0.0,0.0,0.0,0.0,0.0,0.0,0.0,0.0,0.0,0.0,0.0,31.500947026030442,0.0,20.0,58.25,30.912392154289275,8.25,34.5,67.75,47.5,44.0,48.666666666666664,13.916666666666666,33.5,0.0,0.0,15.0,38.6,52.2,60.2,59.8,60.2,59.4,58.8,43.0,3.0,0.0
Corte Madera,0.0,7.0,9.0,16.0,17.0,17.0,16.0,13.0,24.0,11.0,5.0,0.0,0.0,5.0,7.0,12.0,15.0,10.0,5.0,10.0,13.0,8.0,0.0,0.0,0.0,0.0,7.0,16.0,12.0,13.0,9.0,11.0,13.0,7.0,0.0,0.0,0.0,6.0,7.0,7.0,7.0,8.0,6.0,8.0,3.0,2.0,0.0,0.0,0.0,3.0,6.0,4.0,4.0,13.0,8.0,16.0,13.0,6.0,0.0,0.0,0.0,0.0,0.0,0.0,0.0,0.0,0.0,0.0,0.0,0.0,0.0,0.0,5.996331037850809,0.0,6.0,10.25,5.861754813323858,1.5,7.0,12.0,11.25,7.083333333333333,7.333333333333333,4.5,6.083333333333333,0.0,0.0,4.2,7.2,11.0,11.0,12.2,8.8,11.6,13.2,6.8,1.0,0.0
Costa Mesa,0.0,21.0,44.0,54.0,39.0,24.0,22.0,27.0,24.0,13.0,1.0,0.0,0.0,23.0,30.0,25.0,13.0,22.0,17.0,9.0,15.0,13.0,5.0,0.0,0.0,7.0,17.0,36.0,36.0,32.0,26.0,26.0,31.0,21.0,8.0,0.0,0.0,11.0,4.0,8.0,14.0,8.0,12.0,9.0,10.0,8.0,7.0,0.0,0.0,14.0,17.0,14.0,11.0,14.0,23.0,30.0,26.0,5.0,0.0,0.0,0.0,0.0,0.0,0.0,0.0,0.0,0.0,0.0,0.0,0.0,0.0,0.0,12.855979652774458,0.0,10.5,22.25,12.590508486745174,6.5,13.5,24.0,22.416666666666668,14.333333333333334,20.0,7.583333333333333,12.833333333333334,0.0,0.0,15.2,22.4,27.4,22.6,20.0,20.0,20.2,21.2,12.0,4.2,0.0
Crescent City,0.0,11.0,16.0,18.0,16.0,19.0,22.0,11.0,14.0,7.0,0.0,0.0,0.0,8.0,5.0,11.0,11.0,11.0,7.0,9.0,7.0,3.0,0.0,0.0,0.0,1.0,11.0,9.0,6.0,10.0,6.0,9.0,15.0,13.0,0.0,0.0,0.0,2.0,3.0,4.0,7.0,9.0,8.0,5.0,3.0,4.0,0.0,0.0,0.0,6.0,7.0,5.0,2.0,5.0,4.0,9.0,13.0,7.0,0.0,0.0,0.0,0.0,0.0,0.0,0.0,0.0,0.0,0.0,0.0,0.0,0.0,0.0,5.670928389161,0.0,4.5,9.0,5.619251613921998,0.75,6.0,10.25,11.166666666666666,6.0,6.666666666666667,3.75,4.833333333333333,0.0,0.0,5.6,8.4,9.4,8.4,10.8,9.4,8.6,10.4,6.8,0.0,0.0
Culver City,0.0,12.0,27.0,37.0,41.0,37.0,33.0,25.0,33.0,27.0,3.0,0.0,0.0,16.0,43.0,55.0,54.0,53.0,41.0,34.0,27.0,17.0,1.0,0.0,0.0,6.0,19.0,32.0,39.0,40.0,31.0,34.0,33.0,24.0,0.0,0.0,0.0,11.0,26.0,37.0,37.0,31.0,21.0,24.0,23.0,14.0,4.0,0.0,0.0,11.0,26.0,32.0,32.0,32.0,26.0,21.0,18.0,15.0,2.0,0.0,0.0,0.0,0.0,0.0,0.0,0.0,0.0,0.0,0.0,0.0,0.0,0.0,16.602593976862874,0.0,18.5,32.0,15.812915767964673,5.5,24.5,33.0,22.916666666666668,28.416666666666668,21.5,19.0,17.916666666666668,0.0,0.0,11.2,28.2,38.6,40.6,38.6,30.4,27.6,26.8,19.4,2.0,0.0
Daly City,0.0,8.0,23.0,36.0,27.0,14.0,12.0,11.0,17.0,15.0,1.0,0.0,0.0,8.0,22.0,27.0,27.0,19.0,19.0,10.0,11.0,10.0,1.0,0.0,0.0,6.0,16.0,17.0,19.0,13.0,13.0,14.0,19.0,17.0,1.0,0.0,0.0,8.0,18.0,7.0,3.0,2.0,3.0,9.0,10.0,14.0,1.0,0.0,0.0,9.0,21.0,19.0,19.0,11.0,11.0,9.0,16.0,10.0,2.0,0.0,0.0,0.0,0.0,0.0,0.0,0.0,0.0,0.0,0.0,0.0,0.0,0.0,8.862263282318633,0.0,9.0,16.0,8.620613188828996,2.0,10.5,17.0,13.666666666666666,12.833333333333334,11.25,6.25,10.583333333333334,0.0,0.0,7.8,20.0,21.2,19.0,11.8,11.6,10.6,14.6,13.2,1.2,0.0
Davis,0.0,8.0,28.0,26.0,19.0,19.0,12.0,7.0,9.0,2.0,0.0,0.0,0.0,5.0,10.0,11.0,14.0,15.0,4.0,5.0,5.0,3.0,0.0,0.0,0.0,0.0,5.0,12.0,10.0,6.0,6.0,6.0,6.0,3.0,0.0,0.0,0.0,4.0,4.0,2.0,5.0,1.0,2.0,2.0,3.0,2.0,0.0,0.0,0.0,1.0,4.0,3.0,10.0,16.0,17.0,17.0,17.0,11.0,0.0,0.0,0.0,0.0,0.0,0.0,0.0,0.0,0.0,0.0,0.0,0.0,0.0,0.0,6.678730282371308,0.0,3.0,8.25,6.8546450084661865,0.0,4.0,10.0,10.833333333333334,6.0,4.5,2.0833333333333335,8.0,0.0,0.0,3.6,10.2,10.8,11.6,11.4,8.2,7.4,8.0,4.2,0.0,0.0
Delano,0.0,8.0,35.0,48.0,50.0,53.0,60.0,52.0,45.0,29.0,1.0,0.0,0.0,8.0,30.0,41.0,39.0,43.0,39.0,48.0,33.0,14.0,0.0,0.0,0.0,4.0,16.0,40.0,42.0,40.0,38.0,53.0,45.0,22.0,0.0,0.0,0.0,9.0,28.0,23.0,16.0,18.0,24.0,21.0,17.0,16.0,0.0,0.0,0.0,8.0,29.0,32.0,23.0,18.0,17.0,25.0,13.0,9.0,0.0,0.0,0.0,0.0,0.0,0.0,0.0,0.0,0.0,0.0,0.0,0.0,0.0,0.0,18.539873706633035,0.0,16.0,33.5,18.203153635013,3.25,19.5,39.0,31.75,24.583333333333332,25.0,14.333333333333334,14.5,0.0,0.0,7.4,27.6,36.8,34.0,34.4,35.6,39.8,30.6,18.0,0.2,0.0
El Cajon,0.0,11.0,22.0,30.0,32.0,57.0,45.0,20.0,20.0,10.0,1.0,0.0,0.0,9.0,14.0,14.0,19.0,38.0,23.0,10.0,19.0,10.0,1.0,0.0,0.0,3.0,13.0,29.0,33.0,55.0,42.0,19.0,21.0,10.0,0.0,0.0,0.0,6.0,15.0,18.0,19.0,30.0,17.0,10.0,17.0,8.0,1.0,0.0,0.0,5.0,15.0,25.0,35.0,48.0,41.0,26.0,29.0,10.0,1.0,0.0,0.0,0.0,0.0,0.0,0.0,0.0,0.0,0.0,0.0,0.0,0.0,0.0,15.062285914296217,0.0,10.0,21.25,15.01227369794199,2.5,14.5,25.25,20.666666666666668,13.083333333333334,18.75,11.75,19.583333333333332,0.0,0.0,6.8,15.8,23.2,27.6,45.6,33.6,17.0,21.2,9.6,0.8,0.0
El Centro,0.0,19.0,35.0,44.0,58.0,58.0,59.0,61.0,61.0,27.0,2.0,0.0,0.0,17.0,26.0,42.0,43.0,51.0,63.0,41.0,43.0,36.0,7.0,0.0,0.0,4.0,11.0,27.0,44.0,53.0,60.0,58.0,45.0,40.0,0.0,0.0,0.0,13.0,15.0,17.0,30.0,30.0,30.0,17.0,20.0,20.0,3.0,0.0,0.0,13.0,18.0,18.0,18.0,16.0,21.0,35.0,32.0,35.0,2.0,0.0,0.0,0.0,0.0,0.0,0.0,0.0,0.0,0.0,0.0,0.0,0.0,0.0,20.919904636867958,0.0,17.5,37.0,20.378591846585415,6.25,20.5,42.25,35.333333333333336,30.75,28.5,16.25,17.333333333333332,0.0,0.0,13.2,21.0,29.6,38.6,41.6,46.6,42.4,40.2,31.6,2.8,0.0
El Cerrito,0.0,11.0,29.0,46.0,58.0,46.0,37.0,37.0,50.0,22.0,0.0,0.0,0.0,10.0,29.0,37.0,33.0,20.0,17.0,21.0,23.0,9.0,0.0,0.0,0.0,3.0,14.0,32.0,32.0,32.0,28.0,22.0,25.0,7.0,0.0,0.0,0.0,6.0,5.0,5.0,8.0,7.0,12.0,18.0,17.0,5.0,0.0,0.0,0.0,6.0,8.0,12.0,12.0,11.0,13.0,20.0,29.0,14.0,0.0,0.0,0.0,0.0,0.0,0.0,0.0,0.0,0.0,0.0,0.0,0.0,0.0,0.0,14.7819572378257,0.0,8.0,22.0,14.883692209438852,2.25,12.0,25.75,28.0,16.583333333333332,16.25,6.916666666666667,10.416666666666666,0.0,0.0,7.2,17.0,26.4,28.6,23.2,21.4,23.6,28.8,11.4,0.0,0.0
Eureka,0.0,5.0,10.0,7.0,15.0,13.0,10.0,12.0,9.0,5.0,0.0,0.0,0.0,2.0,4.0,3.0,8.0,11.0,7.0,9.0,2.0,4.0,0.0,0.0,0.0,1.0,6.0,7.0,9.0,8.0,5.0,11.0,4.0,3.0,0.0,0.0,0.0,3.0,2.0,2.0,6.0,7.0,5.0,4.0,4.0,2.0,0.0,0.0,0.0,4.0,4.0,2.0,7.0,6.0,4.0,6.0,5.0,3.0,0.0,0.0,0.0,0.0,0.0,0.0,0.0,0.0,0.0,0.0,0.0,0.0,0.0,0.0,3.8843814701083126,0.0,3.0,6.0,3.8504530513388904,0.75,4.0,7.0,7.166666666666667,4.166666666666667,4.5,2.9166666666666665,3.4166666666666665,0.0,0.0,3.0,5.2,4.2,9.0,9.0,6.2,8.4,4.8,3.4,0.0,0.0
Fairfield,0.0,9.0,27.0,37.0,34.0,29.0,33.0,23.0,24.0,16.0,3.0,0.0,0.0,8.0,6.0,9.0,8.0,16.0,18.0,13.0,17.0,11.0,0.0,0.0,0.0,2.0,8.0,25.0,22.0,24.0,21.0,10.0,11.0,8.0,3.0,0.0,0.0,4.0,2.0,4.0,4.0,6.0,10.0,7.0,13.0,9.0,0.0,0.0,0.0,5.0,6.0,5.0,4.0,11.0,11.0,12.0,8.0,3.0,0.0,0.0,0.0,0.0,0.0,0.0,0.0,0.0,0.0,0.0,0.0,0.0,0.0,0.0,9.635360915331667,0.0,5.5,11.25,9.73808122725933,2.75,8.0,13.75,19.583333333333332,8.833333333333334,11.166666666666666,4.916666666666667,5.416666666666667,0.0,0.0,5.6,9.8,16.0,14.4,17.2,18.6,13.0,14.6,9.4,1.2,0.0
Fall River Mills,0.0,2.0,3.0,2.0,2.0,0.0,2.0,3.0,2.0,1.0,0.0,0.0,0.0,2.0,2.0,2.0,3.0,0.0,2.0,2.0,1.0,1.0,0.0,0.0,0.0,0.0,1.0,1.0,2.0,0.0,2.0,6.0,7.0,1.0,0.0,0.0,0.0,1.0,1.0,1.0,1.0,0.0,3.0,3.0,9.0,10.0,0.0,0.0,0.0,1.0,3.0,2.0,1.0,0.0,3.0,2.0,1.0,0.0,0.0,0.0,0.0,0.0,0.0,0.0,0.0,0.0,0.0,0.0,0.0,0.0,0.0,0.0,1.9690484503147736,0.0,1.0,2.0,2.061484298781898,0.0,1.0,2.0,1.4166666666666667,1.25,1.6666666666666667,2.4166666666666665,1.0833333333333333,0.0,0.0,1.2,2.0,1.6,1.8,0.0,2.4,3.2,4.0,2.6,0.0,0.0
Folsom,0.0,15.0,50.0,68.0,74.0,76.0,75.0,75.0,61.0,47.0,2.0,0.0,0.0,16.0,36.0,49.0,51.0,46.0,40.0,30.0,34.0,26.0,7.0,0.0,0.0,5.0,15.0,32.0,44.0,52.0,54.0,41.0,44.0,21.0,0.0,0.0,0.0,9.0,20.0,23.0,25.0,22.0,18.0,18.0,17.0,11.0,0.0,0.0,0.0,11.0,26.0,26.0,24.0,25.0,24.0,20.0,21.0,13.0,0.0,0.0,0.0,0.0,0.0,0.0,0.0,0.0,0.0,0.0,0.0,0.0,0.0,0.0,22.600285115987887,0.0,17.5,34.5,22.43092976605053,6.5,21.5,41.75,45.25,27.916666666666668,25.666666666666668,13.583333333333334,15.833333333333334,0.0,0.0,11.2,29.4,39.6,43.6,44.2,42.2,36.8,35.4,23.6,1.8,0.0
Fontana Commercial Drive Test Center,13.0,17.0,26.0,32.0,45.0,65.0,51.0,26.0,15.0,2.0,0.0,0.0,7.0,14.0,13.0,6.0,11.0,20.0,9.0,3.0,4.0,0.0,0.0,0.0,1.0,16.0,35.0,34.0,22.0,29.0,19.0,14.0,6.0,1.0,0.0,0.0,5.0,11.0,9.0,5.0,10.0,24.0,28.0,28.0,22.0,2.0,0.0,0.0,8.0,11.0,5.0,5.0,8.0,16.0,25.0,21.0,8.0,1.0,0.0,0.0,0.0,0.0,0.0,0.0,0.0,0.0,0.0,0.0,0.0,0.0,0.0,0.0,13.609464625272425,0.0,6.5,17.5,13.86186900924181,2.0,9.5,21.25,24.333333333333332,7.25,14.75,12.0,9.0,0.0,6.8,13.8,17.6,16.4,19.2,30.8,26.4,18.4,11.0,1.2,0.0,0.0
Fontana,0.0,17.0,36.0,45.0,33.0,50.0,53.0,53.0,32.0,14.0,2.0,0.0,0.0,19.0,22.0,19.0,15.0,21.0,26.0,27.0,24.0,8.0,2.0,0.0,0.0,6.0,11.0,23.0,15.0,22.0,30.0,23.0,21.0,8.0,3.0,0.0,0.0,8.0,5.0,6.0,8.0,12.0,22.0,23.0,15.0,4.0,1.0,0.0,0.0,15.0,21.0,16.0,12.0,15.0,28.0,36.0,36.0,9.0,1.0,0.0,0.0,0.0,0.0,0.0,0.0,0.0,0.0,0.0,0.0,0.0,0.0,0.0,14.284822099347812,0.0,10.0,22.0,14.176958707427005,3.75,15.0,23.0,27.916666666666668,15.25,13.5,8.666666666666666,15.75,0.0,0.0,13.0,19.0,21.8,16.6,24.0,31.8,32.4,25.6,8.6,1.8,0.0
Fort Bragg,0.0,9.0,16.0,14.0,13.0,13.0,9.0,12.0,10.0,6.0,3.0,0.0,0.0,2.0,6.0,7.0,7.0,6.0,10.0,12.0,15.0,4.0,0.0,0.0,0.0,1.0,6.0,10.0,12.0,7.0,7.0,11.0,5.0,2.0,0.0,0.0,0.0,3.0,4.0,6.0,5.0,4.0,7.0,3.0,2.0,8.0,2.0,0.0,0.0,2.0,3.0,7.0,11.0,8.0,12.0,8.0,10.0,4.0,0.0,0.0,0.0,0.0,0.0,0.0,0.0,0.0,0.0,0.0,0.0,0.0,0.0,0.0,4.72995316721067,0.0,4.0,8.0,4.62075885860521,2.0,6.0,9.25,8.75,5.75,5.083333333333333,3.6666666666666665,5.416666666666667,0.0,0.0,3.4,7.0,8.8,9.6,7.6,9.0,9.2,8.4,4.8,1.0,0.0
Fremont,0.0,10.0,14.0,16.0,13.0,13.0,4.0,6.0,10.0,2.0,0.0,0.0,0.0,5.0,5.0,6.0,6.0,7.0,6.0,5.0,12.0,4.0,0.0,0.0,0.0,1.0,6.0,9.0,4.0,3.0,3.0,7.0,11.0,2.0,0.0,0.0,0.0,2.0,2.0,2.0,3.0,3.0,4.0,3.0,5.0,2.0,0.0,0.0,0.0,7.0,3.0,3.0,4.0,4.0,4.0,9.0,6.0,3.0,0.0,0.0,0.0,0.0,0.0,0.0,0.0,0.0,0.0,0.0,0.0,0.0,0.0,0.0,4.037359764179397,0.0,3.0,6.0,4.056765291801876,0.75,3.5,6.0,7.333333333333333,4.666666666666667,3.8333333333333335,2.1666666666666665,3.5833333333333335,0.0,0.0,5.0,6.0,7.2,6.0,6.0,4.2,6.0,8.8,2.6,0.0,0.0
Fresno Commercial Drive Test Center,4.0,15.0,21.0,11.0,18.0,23.0,22.0,20.0,13.0,1.0,0.0,0.0,4.0,12.0,8.0,9.0,16.0,17.0,25.0,14.0,11.0,0.0,0.0,0.0,1.0,10.0,16.0,13.0,13.0,17.0,14.0,9.0,7.0,0.0,0.0,0.0,4.0,7.0,10.0,6.0,9.0,14.0,12.0,5.0,6.0,0.0,0.0,0.0,3.0,12.0,18.0,11.0,15.0,14.0,15.0,14.0,7.0,0.0,0.0,0.0,0.0,0.0,0.0,0.0,0.0,0.0,0.0,0.0,0.0,0.0,0.0,0.0,7.3575677242483755,0.0,7.0,14.0,7.149019133858237,1.0,9.5,14.0,12.333333333333334,9.666666666666666,8.333333333333334,6.083333333333333,9.083333333333334,0.0,3.2,11.2,14.6,10.0,14.2,17.0,17.6,12.4,8.8,0.2,0.0,0.0
Fresno North,0.0,12.0,34.0,56.0,71.0,64.0,53.0,55.0,56.0,42.0,4.0,0.0,1.0,18.0,36.0,62.0,79.0,73.0,56.0,38.0,43.0,40.0,2.0,0.0,0.0,5.0,16.0,37.0,51.0,58.0,49.0,30.0,35.0,17.0,0.0,0.0,0.0,9.0,20.0,34.0,33.0,25.0,36.0,39.0,32.0,11.0,0.0,0.0,0.0,10.0,22.0,37.0,38.0,41.0,36.0,30.0,36.0,25.0,2.0,0.0,0.0,0.0,0.0,0.0,0.0,0.0,0.0,0.0,0.0,0.0,0.0,0.0,23.063899634573456,0.0,21.0,38.25,22.41934067179925,4.75,32.5,41.25,37.25,37.333333333333336,24.833333333333332,19.916666666666668,23.083333333333332,0.0,0.2,10.8,25.6,45.2,54.4,52.2,46.0,38.4,40.4,27.0,1.6,0.0
Fresno,0.0,12.0,26.0,46.0,34.0,50.0,38.0,44.0,39.0,21.0,1.0,0.0,0.0,15.0,29.0,35.0,31.0,41.0,33.0,35.0,27.0,18.0,2.0,0.0,0.0,6.0,24.0,44.0,32.0,39.0,40.0,39.0,41.0,17.0,0.0,0.0,0.0,12.0,39.0,36.0,27.0,34.0,34.0,20.0,28.0,16.0,0.0,0.0,0.0,12.0,27.0,36.0,31.0,35.0,30.0,30.0,28.0,15.0,0.0,0.0,0.0,0.0,0.0,0.0,0.0,0.0,0.0,0.0,0.0,0.0,0.0,0.0,16.680082628528034,0.0,19.0,34.0,15.784020740434398,5.0,27.0,35.0,25.916666666666668,22.166666666666668,23.5,20.5,20.333333333333332,0.0,0.0,11.4,29.0,39.4,31.0,39.8,35.0,33.6,32.6,17.4,0.6,0.0
Fullerton,0.0,20.0,18.0,26.0,31.0,41.0,41.0,37.0,35.0,12.0,0.0,0.0,0.0,21.0,15.0,16.0,18.0,24.0,30.0,20.0,23.0,8.0,4.0,0.0,0.0,6.0,11.0,13.0,17.0,27.0,29.0,19.0,22.0,3.0,0.0,0.0,0.0,12.0,9.0,11.0,9.0,14.0,17.0,11.0,10.0,3.0,1.0,0.0,0.0,11.0,7.0,9.0,10.0,12.0,14.0,16.0,10.0,5.0,0.0,0.0,0.0,0.0,0.0,0.0,0.0,0.0,0.0,0.0,0.0,0.0,0.0,0.0,11.28334044146488,0.0,9.5,17.25,11.167396046674302,3.0,11.0,19.25,21.75,14.916666666666666,12.25,8.083333333333334,7.833333333333333,0.0,0.0,14.0,12.0,15.0,17.0,23.6,26.2,20.6,20.0,6.2,1.0,0.0
Garberville,0.0,1.0,4.0,9.0,18.0,10.0,4.0,10.0,26.0,10.0,0.0,0.0,0.0,1.0,1.0,7.0,4.0,0.0,6.0,23.0,22.0,4.0,0.0,0.0,0.0,0.0,3.0,11.0,9.0,0.0,2.0,4.0,11.0,4.0,0.0,0.0,0.0,0.0,2.0,3.0,5.0,0.0,2.0,3.0,6.0,3.0,0.0,0.0,0.0,1.0,1.0,2.0,3.0,0.0,1.0,4.0,8.0,3.0,0.0,0.0,0.0,0.0,0.0,0.0,0.0,0.0,0.0,0.0,0.0,0.0,0.0,0.0,5.616858566538285,0.0,1.0,4.0,5.9160559086374676,0.0,2.0,5.25,7.666666666666667,5.666666666666667,3.6666666666666665,2.0,1.9166666666666667,0.0,0.0,0.6,2.2,6.4,7.8,2.0,3.0,8.8,14.6,4.8,0.0,0.0
Gilroy,0.0,3.0,10.0,7.0,10.0,11.0,11.0,8.0,6.0,2.0,0.0,0.0,0.0,5.0,4.0,5.0,8.0,6.0,5.0,4.0,10.0,3.0,0.0,0.0,0.0,1.0,5.0,6.0,7.0,4.0,5.0,5.0,6.0,1.0,0.0,0.0,0.0,2.0,2.0,4.0,5.0,2.0,2.0,2.0,4.0,1.0,0.0,0.0,0.0,2.0,5.0,4.0,8.0,6.0,4.0,5.0,6.0,6.0,0.0,0.0,0.0,0.0,0.0,0.0,0.0,0.0,0.0,0.0,0.0,0.0,0.0,0.0,3.2457990183629106,0.0,2.0,5.0,3.1985166053307075,0.75,4.0,6.0,5.666666666666667,4.166666666666667,3.3333333333333335,2.0,3.8333333333333335,0.0,0.0,2.6,5.2,5.2,7.6,5.8,5.4,4.8,6.4,2.6,0.0,0.0
Glendale,0.0,14.0,37.0,46.0,36.0,44.0,38.0,33.0,38.0,25.0,7.0,0.0,0.0,16.0,49.0,58.0,37.0,39.0,42.0,37.0,46.0,26.0,5.0,0.0,0.0,7.0,22.0,48.0,38.0,34.0,41.0,42.0,38.0,22.0,4.0,0.0,0.0,15.0,41.0,45.0,31.0,40.0,41.0,29.0,29.0,22.0,5.0,1.0,0.0,12.0,32.0,38.0,29.0,38.0,36.0,33.0,32.0,24.0,8.0,0.0,0.0,0.0,0.0,0.0,0.0,0.0,0.0,0.0,0.0,0.0,0.0,0.0,18.07416039171432,0.0,24.5,38.0,16.733369347430127,7.75,31.5,38.0,26.5,29.583333333333332,24.666666666666668,24.916666666666668,23.5,0.0,0.0,12.8,36.2,47.0,34.2,39.0,39.6,34.8,36.6,23.8,5.8,0.2
Goleta,0.0,11.0,24.0,17.0,23.0,25.0,23.0,17.0,21.0,18.0,0.0,0.0,0.0,12.0,21.0,21.0,25.0,22.0,29.0,24.0,28.0,19.0,2.0,0.0,0.0,5.0,20.0,29.0,27.0,23.0,23.0,23.0,24.0,16.0,2.0,0.0,0.0,7.0,18.0,19.0,12.0,13.0,19.0,7.0,9.0,10.0,0.0,0.0,0.0,8.0,12.0,20.0,16.0,16.0,11.0,16.0,22.0,11.0,2.0,0.0,0.0,0.0,0.0,0.0,0.0,0.0,0.0,0.0,0.0,0.0,0.0,0.0,10.071225221629629,0.0,11.5,21.0,9.499866189958606,4.25,16.0,22.0,14.916666666666666,16.916666666666668,16.0,9.5,11.166666666666666,0.0,0.0,8.6,19.0,21.2,20.6,19.8,21.0,17.4,20.8,14.8,1.2,0.0
Grass Valley,0.0,14.0,17.0,10.0,18.0,14.0,14.0,23.0,21.0,4.0,0.0,0.0,0.0,4.0,6.0,4.0,10.0,7.0,12.0,8.0,11.0,5.0,0.0,0.0,0.0,1.0,7.0,14.0,13.0,12.0,16.0,9.0,7.0,4.0,0.0,0.0,0.0,3.0,7.0,12.0,9.0,10.0,9.0,12.0,13.0,6.0,0.0,0.0,0.0,4.0,10.0,11.0,7.0,6.0,12.0,14.0,15.0,6.0,0.0,0.0,0.0,0.0,0.0,0.0,0.0,0.0,0.0,0.0,0.0,0.0,0.0,0.0,6.200847410410835,0.0,6.0,11.25,6.057609492890871,0.75,7.0,12.0,11.25,5.583333333333333,6.916666666666667,6.75,7.083333333333333,0.0,0.0,5.2,9.4,10.2,11.4,9.8,12.6,13.2,13.4,5.0,0.0,0.0
Hanford,0.0,15.0,49.0,64.0,65.0,72.0,54.0,48.0,41.0,33.0,0.0,0.0,0.0,17.0,46.0,47.0,38.0,42.0,38.0,32.0,35.0,15.0,0.0,0.0,0.0,7.0,29.0,50.0,43.0,42.0,41.0,31.0,33.0,15.0,0.0,0.0,0.0,10.0,36.0,39.0,29.0,20.0,26.0,30.0,38.0,19.0,0.0,0.0,0.0,9.0,20.0,30.0,32.0,41.0,24.0,17.0,21.0,13.0,0.0,0.0,0.0,0.0,0.0,0.0,0.0,0.0,0.0,0.0,0.0,0.0,0.0,0.0,20.153091694609294,0.0,18.0,38.0,19.580227545523144,5.25,27.5,39.5,36.75,25.833333333333332,24.25,20.583333333333332,17.25,0.0,0.0,11.6,36.0,46.0,41.4,43.4,36.6,31.6,33.6,19.0,0.0,0.0
Hawthorne,0.0,12.0,38.0,64.0,36.0,20.0,19.0,18.0,34.0,18.0,0.0,0.0,0.0,15.0,26.0,39.0,27.0,21.0,31.0,28.0,29.0,14.0,1.0,0.0,0.0,6.0,24.0,44.0,39.0,32.0,23.0,29.0,42.0,20.0,0.0,0.0,0.0,12.0,22.0,30.0,28.0,12.0,9.0,12.0,16.0,11.0,2.0,0.0,0.0,12.0,27.0,38.0,24.0,16.0,17.0,19.0,19.0,16.0,3.0,0.0,0.0,0.0,0.0,0.0,0.0,0.0,0.0,0.0,0.0,0.0,0.0,0.0,14.732964752256633,0.0,14.5,26.25,14.312927268928942,5.25,18.0,28.0,21.583333333333332,19.25,21.583333333333332,12.833333333333334,15.916666666666666,0.0,0.0,11.4,27.4,43.0,30.8,20.2,19.8,21.2,28.0,15.8,1.2,0.0
Hayward,0.0,6.0,15.0,18.0,22.0,18.0,20.0,18.0,25.0,10.0,0.0,0.0,0.0,7.0,15.0,9.0,10.0,8.0,15.0,19.0,19.0,6.0,0.0,0.0,0.0,4.0,8.0,15.0,15.0,6.0,12.0,19.0,13.0,3.0,0.0,0.0,0.0,5.0,4.0,2.0,2.0,4.0,7.0,9.0,9.0,7.0,0.0,0.0,0.0,7.0,25.0,26.0,20.0,20.0,20.0,25.0,27.0,8.0,0.0,0.0,0.0,0.0,0.0,0.0,0.0,0.0,0.0,0.0,0.0,0.0,0.0,0.0,8.54276730570584,0.0,6.0,15.0,8.477887488707694,1.5,8.0,18.0,12.666666666666666,9.0,7.916666666666667,4.083333333333333,14.833333333333334,0.0,0.0,5.8,13.4,14.0,13.8,11.2,14.8,18.0,18.6,6.8,0.0,0.0
Hemet,0.0,13.0,39.0,67.0,76.0,84.0,72.0,52.0,42.0,30.0,14.0,0.0,0.0,13.0,33.0,43.0,39.0,40.0,32.0,35.0,42.0,28.0,0.0,0.0,0.0,4.0,14.0,28.0,39.0,44.0,37.0,29.0,32.0,18.0,0.0,0.0,0.0,10.0,30.0,34.0,23.0,25.0,25.0,19.0,19.0,12.0,3.0,0.0,0.0,10.0,33.0,50.0,49.0,52.0,50.0,48.0,39.0,12.0,1.0,0.0,0.0,0.0,0.0,0.0,0.0,0.0,0.0,0.0,0.0,0.0,0.0,0.0,21.904075802832057,0.0,18.5,39.0,21.433453708002997,8.5,28.0,39.25,40.75,25.416666666666668,20.416666666666668,16.666666666666668,28.666666666666668,0.0,0.0,10.0,29.8,44.4,45.2,49.0,43.2,36.6,34.8,20.0,3.6,0.0
Hollister,0.0,4.0,8.0,11.0,11.0,15.0,13.0,10.0,20.0,6.0,0.0,0.0,0.0,7.0,12.0,16.0,14.0,10.0,11.0,7.0,3.0,2.0,0.0,0.0,0.0,1.0,5.0,8.0,9.0,10.0,12.0,14.0,14.0,5.0,0.0,0.0,0.0,6.0,10.0,11.0,14.0,13.0,16.0,16.0,16.0,7.0,0.0,0.0,0.0,6.0,12.0,9.0,15.0,21.0,10.0,8.0,13.0,3.0,0.0,0.0,0.0,0.0,0.0,0.0,0.0,0.0,0.0,0.0,0.0,0.0,0.0,0.0,6.20061080337238,0.0,6.0,11.25,6.010912862979107,0.75,8.0,12.25,8.166666666666666,6.833333333333333,6.5,9.083333333333334,8.083333333333334,0.0,0.0,4.8,9.4,11.0,12.6,13.8,12.4,11.0,13.2,4.6,0.0,0.0
Hollywood,0.0,14.0,45.0,91.0,95.0,103.0,91.0,77.0,61.0,34.0,0.0,0.0,0.0,15.0,49.0,72.0,72.0,76.0,75.0,68.0,64.0,29.0,2.0,0.0,0.0,6.0,24.0,55.0,64.0,89.0,84.0,68.0,61.0,21.0,0.0,0.0,0.0,9.0,26.0,46.0,35.0,48.0,58.0,58.0,42.0,19.0,1.0,0.0,0.0,15.0,36.0,55.0,53.0,64.0,54.0,63.0,46.0,22.0,0.0,0.0,0.0,0.0,0.0,0.0,0.0,0.0,0.0,0.0,0.0,0.0,0.0,0.0,32.249658803741575,0.0,25.0,61.0,31.47160409649911,5.0,43.5,64.0,50.916666666666664,43.5,39.333333333333336,28.5,34.0,0.0,0.0,11.8,36.0,63.8,63.8,76.0,72.4,66.8,54.8,25.0,0.6,0.0
Indio,0.0,6.0,10.0,17.0,18.0,26.0,36.0,33.0,33.0,14.0,2.0,0.0,0.0,11.0,14.0,24.0,37.0,30.0,25.0,23.0,21.0,12.0,3.0,0.0,0.0,2.0,9.0,17.0,20.0,14.0,28.0,27.0,16.0,9.0,1.0,0.0,0.0,4.0,4.0,5.0,5.0,11.0,12.0,7.0,9.0,8.0,1.0,0.0,0.0,6.0,6.0,12.0,9.0,6.0,14.0,20.0,22.0,14.0,1.0,0.0,0.0,0.0,0.0,0.0,0.0,0.0,0.0,0.0,0.0,0.0,0.0,0.0,10.549347486663153,0.0,6.5,16.25,10.484370934791706,2.75,9.5,18.5,16.25,16.666666666666668,11.916666666666666,5.5,9.166666666666666,0.0,0.0,5.8,8.6,15.0,17.8,17.4,23.0,22.0,20.2,11.4,1.6,0.0
Inglewood,0.0,3.0,10.0,12.0,8.0,14.0,9.0,11.0,10.0,3.0,7.0,0.0,0.0,4.0,8.0,6.0,6.0,3.0,9.0,6.0,11.0,4.0,0.0,0.0,0.0,2.0,10.0,8.0,9.0,12.0,6.0,10.0,10.0,3.0,0.0,0.0,0.0,4.0,9.0,10.0,8.0,13.0,11.0,8.0,6.0,3.0,0.0,0.0,0.0,5.0,10.0,11.0,9.0,10.0,12.0,13.0,16.0,8.0,5.0,5.0,0.0,0.0,0.0,0.0,0.0,0.0,0.0,0.0,0.0,0.0,0.0,0.0,4.722585827849871,0.0,5.5,10.0,4.435985358597898,3.0,7.5,10.0,7.25,4.75,5.833333333333333,6.0,8.666666666666666,0.0,0.0,3.6,9.4,9.4,8.0,10.4,9.4,9.6,10.6,4.2,2.4,1.0
King City,0.0,8.0,15.0,29.0,28.0,26.0,26.0,17.0,13.0,6.0,0.0,0.0,0.0,13.0,16.0,12.0,13.0,15.0,20.0,15.0,13.0,9.0,0.0,0.0,0.0,3.0,10.0,16.0,23.0,21.0,18.0,21.0,21.0,4.0,0.0,0.0,0.0,5.0,7.0,7.0,11.0,8.0,10.0,10.0,12.0,6.0,0.0,0.0,0.0,8.0,10.0,8.0,15.0,10.0,15.0,13.0,9.0,7.0,0.0,0.0,0.0,0.0,0.0,0.0,0.0,0.0,0.0,0.0,0.0,0.0,0.0,0.0,8.296114066669935,0.0,8.0,13.5,8.10935151050341,2.25,10.0,15.0,14.0,10.5,11.416666666666666,6.333333333333333,7.916666666666667,0.0,0.0,7.4,11.6,14.4,18.0,16.0,17.8,15.2,13.6,6.4,0.0,0.0
Laguna Hills,0.0,23.0,46.0,56.0,43.0,42.0,45.0,35.0,33.0,13.0,1.0,0.0,1.0,20.0,40.0,45.0,40.0,42.0,40.0,39.0,33.0,20.0,1.0,0.0,0.0,10.0,31.0,43.0,42.0,40.0,37.0,26.0,24.0,14.0,1.0,0.0,0.0,15.0,25.0,26.0,18.0,17.0,13.0,18.0,23.0,21.0,2.0,0.0,0.0,13.0,28.0,39.0,28.0,13.0,12.0,14.0,25.0,9.0,0.0,0.0,0.0,0.0,0.0,0.0,0.0,0.0,0.0,0.0,0.0,0.0,0.0,0.0,16.842819109506447,0.0,14.5,33.0,16.23690258792352,7.25,20.5,37.5,28.083333333333332,26.75,22.333333333333332,14.833333333333334,15.083333333333334,0.0,0.2,16.2,34.0,41.8,34.2,30.8,29.4,26.4,27.6,15.4,1.0,0.0
Lake Isabella,0.0,3.0,4.0,11.0,12.0,6.0,8.0,8.0,3.0,1.0,0.0,0.0,0.0,2.0,2.0,1.0,4.0,4.0,4.0,6.0,2.0,1.0,0.0,0.0,0.0,1.0,4.0,4.0,5.0,3.0,3.0,4.0,3.0,4.0,1.0,0.0,0.0,1.0,1.0,3.0,2.0,4.0,4.0,8.0,5.0,1.0,0.0,0.0,0.0,2.0,3.0,3.0,2.0,2.0,1.0,1.0,3.0,1.0,0.0,0.0,0.0,0.0,0.0,0.0,0.0,0.0,0.0,0.0,0.0,0.0,0.0,0.0,2.651032515064865,0.0,1.0,4.0,2.690168331111924,1.0,2.0,4.0,4.666666666666667,2.1666666666666665,2.6666666666666665,2.4166666666666665,1.5,0.0,0.0,1.8,2.8,4.4,5.0,3.8,4.0,5.4,3.2,1.6,0.2,0.0
Lakeport,0.0,9.0,26.0,28.0,36.0,35.0,30.0,34.0,29.0,21.0,0.0,0.0,0.0,7.0,20.0,26.0,31.0,24.0,26.0,35.0,32.0,14.0,0.0,0.0,0.0,3.0,19.0,34.0,39.0,39.0,24.0,31.0,37.0,23.0,0.0,0.0,0.0,5.0,12.0,10.0,6.0,10.0,6.0,10.0,17.0,6.0,0.0,0.0,0.0,5.0,12.0,17.0,29.0,25.0,20.0,18.0,24.0,19.0,0.0,0.0,0.0,0.0,0.0,0.0,0.0,0.0,0.0,0.0,0.0,0.0,0.0,0.0,13.404264089260845,0.0,10.0,25.25,13.136086923472185,2.25,17.0,26.5,20.666666666666668,17.916666666666668,20.75,6.833333333333333,14.083333333333334,0.0,0.0,5.8,17.8,23.0,28.2,26.6,21.2,25.6,27.8,16.6,0.0,0.0
Lancaster,0.0,14.0,45.0,71.0,68.0,41.0,45.0,42.0,48.0,23.0,1.0,0.0,0.0,11.0,37.0,44.0,39.0,25.0,29.0,25.0,35.0,21.0,1.0,0.0,0.0,5.0,20.0,38.0,32.0,27.0,30.0,27.0,33.0,9.0,0.0,0.0,0.0,8.0,28.0,39.0,29.0,27.0,26.0,27.0,21.0,10.0,0.0,0.0,0.0,9.0,30.0,34.0,27.0,22.0,32.0,24.0,25.0,14.0,2.0,0.0,0.0,0.0,0.0,0.0,0.0,0.0,0.0,0.0,0.0,0.0,0.0,0.0,17.910575992814028,0.0,20.5,30.0,17.435595774162696,4.25,25.0,32.25,33.166666666666664,22.25,18.416666666666668,17.916666666666668,18.25,0.0,0.0,9.4,32.0,45.2,39.0,28.4,32.4,29.0,32.4,15.4,0.8,0.0
Lincoln Park,0.0,9.0,37.0,41.0,23.0,29.0,39.0,42.0,55.0,53.0,0.0,0.0,0.0,12.0,41.0,40.0,32.0,31.0,36.0,39.0,45.0,31.0,0.0,0.0,0.0,4.0,19.0,30.0,30.0,30.0,30.0,38.0,48.0,25.0,0.0,0.0,0.0,9.0,22.0,23.0,19.0,22.0,18.0,18.0,21.0,13.0,0.0,0.0,0.0,8.0,22.0,18.0,16.0,18.0,27.0,25.0,35.0,16.0,0.0,0.0,0.0,0.0,0.0,0.0,0.0,0.0,0.0,0.0,0.0,0.0,0.0,0.0,16.50688076760889,0.0,18.0,30.0,15.988157693764407,3.0,21.5,31.25,27.333333333333332,25.583333333333332,21.166666666666668,13.75,15.416666666666666,0.0,0.0,8.4,28.2,30.4,24.0,26.0,30.0,32.4,40.8,27.6,0.0,0.0
Lodi,0.0,12.0,41.0,54.0,47.0,48.0,54.0,51.0,53.0,44.0,0.0,0.0,0.0,13.0,31.0,37.0,36.0,46.0,43.0,35.0,37.0,20.0,0.0,0.0,0.0,3.0,13.0,38.0,49.0,52.0,63.0,69.0,52.0,15.0,0.0,0.0,0.0,8.0,13.0,7.0,6.0,7.0,9.0,13.0,19.0,10.0,0.0,0.0,0.0,10.0,24.0,22.0,18.0,12.0,18.0,21.0,23.0,16.0,0.0,0.0,0.0,0.0,0.0,0.0,0.0,0.0,0.0,0.0,0.0,0.0,0.0,0.0,20.211712001570497,0.0,12.0,36.25,20.262235614324382,2.25,15.5,38.75,33.666666666666664,24.833333333333332,29.5,7.666666666666667,13.666666666666666,0.0,0.0,9.2,24.4,31.6,31.2,33.0,37.4,37.8,36.8,21.0,0.0,0.0
Lompoc,0.0,10.0,35.0,42.0,31.0,29.0,42.0,21.0,18.0,6.0,1.0,0.0,0.0,8.0,20.0,26.0,19.0,17.0,15.0,10.0,10.0,3.0,1.0,0.0,0.0,7.0,19.0,41.0,34.0,33.0,33.0,20.0,16.0,5.0,0.0,0.0,0.0,6.0,14.0,16.0,16.0,7.0,5.0,5.0,10.0,4.0,0.0,0.0,0.0,7.0,14.0,19.0,21.0,26.0,38.0,15.0,6.0,5.0,0.0,0.0,0.0,0.0,0.0,0.0,0.0,0.0,0.0,0.0,0.0,0.0,0.0,0.0,12.54696965702615,0.0,6.5,19.0,12.603963146790365,2.5,10.0,20.0,19.583333333333332,10.75,17.333333333333332,6.916666666666667,12.583333333333334,0.0,0.0,7.6,20.4,28.8,24.2,22.4,26.6,14.2,12.0,4.6,0.4,0.0
Long Beach,0.0,17.0,34.0,27.0,26.0,33.0,27.0,38.0,39.0,21.0,1.0,0.0,0.0,17.0,36.0,24.0,21.0,18.0,22.0,32.0,32.0,31.0,3.0,0.0,0.0,9.0,25.0,32.0,33.0,34.0,19.0,31.0,25.0,25.0,1.0,0.0,0.0,13.0,20.0,19.0,16.0,14.0,22.0,45.0,40.0,29.0,1.0,0.0,0.0,13.0,35.0,26.0,30.0,32.0,31.0,39.0,34.0,28.0,5.0,0.0,0.0,0.0,0.0,0.0,0.0,0.0,0.0,0.0,0.0,0.0,0.0,0.0,14.526801898419734,0.0,19.0,31.0,13.538760009648966,8.0,23.0,32.0,21.916666666666668,19.666666666666668,19.5,18.25,22.75,0.0,0.0,13.8,30.0,25.6,25.2,26.2,24.2,37.0,34.0,26.8,2.2,0.0
Los Angeles,0.0,11.0,13.0,23.0,22.0,21.0,43.0,47.0,23.0,6.0,0.0,0.0,0.0,9.0,16.0,18.0,16.0,18.0,23.0,19.0,19.0,8.0,0.0,0.0,0.0,5.0,10.0,16.0,17.0,13.0,23.0,32.0,22.0,12.0,1.0,0.0,0.0,9.0,16.0,20.0,16.0,16.0,17.0,23.0,19.0,7.0,0.0,0.0,0.0,8.0,12.0,13.0,10.0,20.0,31.0,45.0,18.0,9.0,0.0,0.0,0.0,0.0,0.0,0.0,0.0,0.0,0.0,0.0,0.0,0.0,0.0,0.0,11.545167135821517,0.0,10.0,18.25,11.363473547883425,4.0,13.0,19.25,17.416666666666668,12.166666666666666,12.583333333333334,11.916666666666666,13.833333333333334,0.0,0.0,8.4,13.4,18.0,16.2,17.6,27.4,33.2,20.2,8.4,0.2,0.0
Los Banos,0.0,9.0,25.0,32.0,28.0,35.0,28.0,28.0,29.0,9.0,0.0,0.0,0.0,11.0,34.0,46.0,31.0,37.0,32.0,30.0,32.0,8.0,0.0,0.0,0.0,3.0,11.0,28.0,20.0,32.0,37.0,31.0,25.0,7.0,0.0,0.0,0.0,8.0,24.0,27.0,21.0,23.0,26.0,21.0,22.0,7.0,0.0,0.0,0.0,5.0,22.0,25.0,26.0,37.0,37.0,22.0,23.0,6.0,0.0,0.0,0.0,0.0,0.0,0.0,0.0,0.0,0.0,0.0,0.0,0.0,0.0,0.0,14.185116403700796,0.0,10.0,28.0,13.75655981170828,2.25,22.0,28.25,18.583333333333332,21.75,16.166666666666668,14.916666666666666,16.916666666666668,0.0,0.0,7.2,23.2,31.6,25.2,32.8,32.0,26.4,26.2,7.4,0.0,0.0
Los Gatos,0.0,8.0,21.0,18.0,15.0,6.0,12.0,16.0,17.0,10.0,1.0,0.0,0.0,7.0,10.0,10.0,10.0,13.0,14.0,15.0,17.0,10.0,0.0,0.0,0.0,3.0,5.0,9.0,11.0,21.0,14.0,9.0,15.0,8.0,1.0,0.0,0.0,7.0,7.0,4.0,3.0,9.0,9.0,10.0,13.0,3.0,0.0,0.0,0.0,6.0,17.0,14.0,11.0,13.0,11.0,12.0,13.0,9.0,0.0,0.0,0.0,0.0,0.0,0.0,0.0,0.0,0.0,0.0,0.0,0.0,0.0,0.0,6.402375708319931,0.0,7.0,12.0,6.139871545795568,2.5,9.0,13.0,10.333333333333334,8.833333333333334,8.0,5.416666666666667,8.833333333333334,0.0,0.0,6.2,12.0,11.0,10.0,12.4,12.0,12.4,15.0,8.0,0.4,0.0
Madera,0.0,7.0,32.0,48.0,30.0,35.0,38.0,41.0,28.0,14.0,0.0,0.0,0.0,7.0,29.0,41.0,32.0,29.0,28.0,34.0,26.0,27.0,0.0,0.0,0.0,3.0,19.0,39.0,53.0,65.0,60.0,52.0,26.0,16.0,0.0,0.0,0.0,7.0,27.0,34.0,29.0,38.0,32.0,26.0,27.0,15.0,0.0,0.0,0.0,7.0,28.0,39.0,34.0,31.0,21.0,25.0,37.0,19.0,0.0,0.0,0.0,0.0,0.0,0.0,0.0,0.0,0.0,0.0,0.0,0.0,0.0,0.0,17.9733272645258,0.0,19.0,32.0,17.459517340485444,2.25,26.5,34.0,22.75,21.083333333333332,27.75,19.583333333333332,20.083333333333332,0.0,0.0,6.2,27.0,40.2,35.6,39.6,35.8,35.6,28.8,18.2,0.0,0.0
Manteca,0.0,20.0,56.0,56.0,64.0,72.0,65.0,70.0,59.0,19.0,0.0,0.0,1.0,20.0,45.0,45.0,39.0,45.0,45.0,39.0,36.0,12.0,0.0,0.0,0.0,8.0,22.0,37.0,30.0,24.0,27.0,31.0,40.0,19.0,0.0,0.0,0.0,14.0,24.0,20.0,20.0,22.0,33.0,33.0,30.0,11.0,0.0,0.0,0.0,12.0,32.0,34.0,33.0,39.0,31.0,30.0,37.0,18.0,0.0,0.0,0.0,0.0,0.0,0.0,0.0,0.0,0.0,0.0,0.0,0.0,0.0,0.0,20.774550873755608,0.0,20.0,34.5,20.266438539453507,6.25,24.0,37.5,40.083333333333336,27.25,19.833333333333332,17.25,22.166666666666668,0.0,0.2,14.8,35.8,38.4,37.2,40.4,40.2,40.6,40.4,15.8,0.0,0.0
Mariposa,0.0,11.0,35.0,24.0,27.0,16.0,27.0,37.0,23.0,7.0,0.0,0.0,0.0,16.0,24.0,36.0,28.0,20.0,24.0,21.0,16.0,6.0,0.0,0.0,0.0,5.0,17.0,31.0,30.0,21.0,27.0,20.0,25.0,6.0,0.0,0.0,0.0,11.0,25.0,28.0,20.0,5.0,11.0,13.0,9.0,1.0,0.0,0.0,0.0,10.0,19.0,23.0,39.0,18.0,9.0,15.0,17.0,6.0,0.0,0.0,0.0,0.0,0.0,0.0,0.0,0.0,0.0,0.0,0.0,0.0,0.0,0.0,11.959234028994096,0.0,9.5,21.5,11.72060573818847,0.75,15.5,24.0,17.25,15.916666666666666,15.166666666666666,10.25,13.0,0.0,0.0,10.6,24.0,28.4,28.8,16.0,19.6,21.2,18.0,5.2,0.0,0.0
Mendota,0.0,0.0,0.0,0.0,0.0,0.0,0.0,0.0,0.0,0.0,0.0,0.0,0.0,0.0,0.0,0.0,0.0,0.0,0.0,0.0,0.0,0.0,0.0,0.0,0.0,0.0,0.0,0.0,0.0,0.0,0.0,0.0,0.0,0.0,0.0,0.0,0.0,0.0,9.0,20.0,13.0,0.0,5.0,16.0,13.0,0.0,0.0,0.0,0.0,0.0,10.0,18.0,10.0,0.0,8.0,19.0,14.0,0.0,0.0,0.0,0.0,0.0,0.0,0.0,0.0,0.0,0.0,0.0,0.0,0.0,0.0,0.0,5.188447954376517,0.0,0.0,0.0,5.591433116275765,0.0,0.0,0.0,0.0,0.0,0.0,6.333333333333333,6.583333333333333,0.0,0.0,0.0,3.8,7.6,4.6,0.0,2.6,7.0,5.4,0.0,0.0,0.0
Merced,0.0,9.0,32.0,38.0,37.0,37.0,35.0,31.0,34.0,19.0,2.0,0.0,0.0,9.0,30.0,37.0,34.0,33.0,36.0,30.0,32.0,13.0,0.0,0.0,0.0,4.0,21.0,40.0,34.0,29.0,30.0,39.0,36.0,18.0,0.0,0.0,0.0,6.0,21.0,30.0,16.0,19.0,23.0,17.0,26.0,13.0,0.0,0.0,0.0,8.0,21.0,29.0,22.0,25.0,27.0,19.0,23.0,12.0,0.0,0.0,0.0,0.0,0.0,0.0,0.0,0.0,0.0,0.0,0.0,0.0,0.0,0.0,14.546886044226943,0.0,16.5,30.0,13.924574870017917,3.5,21.0,31.25,22.833333333333332,21.166666666666668,20.916666666666668,14.25,15.5,0.0,0.0,7.2,25.0,34.8,28.6,28.6,30.2,27.2,30.2,15.0,0.4,0.0
Modesto,0.0,14.0,36.0,64.0,42.0,59.0,37.0,34.0,40.0,14.0,2.0,0.0,0.0,16.0,30.0,37.0,23.0,31.0,26.0,32.0,34.0,13.0,1.0,0.0,0.0,4.0,19.0,36.0,22.0,38.0,33.0,28.0,42.0,18.0,0.0,0.0,1.0,11.0,20.0,28.0,12.0,19.0,26.0,24.0,26.0,11.0,0.0,0.0,1.0,14.0,21.0,33.0,18.0,22.0,19.0,27.0,27.0,10.0,0.0,0.0,0.0,0.0,0.0,0.0,0.0,0.0,0.0,0.0,0.0,0.0,0.0,0.0,16.02872397214681,0.0,15.0,28.0,15.55448778955708,3.5,19.5,31.25,28.5,20.25,20.0,14.833333333333334,16.0,0.0,0.4,11.8,25.2,39.6,23.4,33.8,28.2,29.0,33.8,13.2,0.6,0.0
Montebello,0.0,9.0,12.0,10.0,15.0,23.0,15.0,15.0,17.0,8.0,0.0,0.0,0.0,10.0,13.0,12.0,5.0,19.0,15.0,11.0,9.0,7.0,0.0,0.0,0.0,4.0,9.0,11.0,10.0,17.0,14.0,10.0,16.0,5.0,0.0,0.0,0.0,8.0,12.0,9.0,6.0,11.0,14.0,9.0,10.0,4.0,0.0,0.0,0.0,7.0,12.0,12.0,8.0,16.0,16.0,11.0,12.0,5.0,0.0,0.0,0.0,0.0,0.0,0.0,0.0,0.0,0.0,0.0,0.0,0.0,0.0,0.0,6.356748782677509,0.0,8.0,12.0,6.059288056480929,3.0,9.0,12.0,10.333333333333334,8.416666666666666,8.0,6.916666666666667,8.25,0.0,0.0,7.6,11.6,10.8,8.8,17.2,14.8,11.2,12.8,5.8,0.0,0.0
Mt Shasta,0.0,10.0,9.0,8.0,17.0,20.0,15.0,14.0,14.0,12.0,0.0,0.0,0.0,2.0,3.0,9.0,10.0,14.0,19.0,21.0,11.0,7.0,0.0,0.0,0.0,1.0,4.0,9.0,17.0,11.0,9.0,13.0,9.0,5.0,0.0,0.0,0.0,2.0,1.0,9.0,5.0,7.0,4.0,5.0,6.0,2.0,0.0,0.0,0.0,2.0,2.0,2.0,4.0,8.0,6.0,6.0,10.0,6.0,0.0,0.0,0.0,0.0,0.0,0.0,0.0,0.0,0.0,0.0,0.0,0.0,0.0,0.0,5.881990230923741,0.0,3.5,9.0,5.902216379639973,0.75,5.5,10.0,9.916666666666666,8.0,6.5,3.4166666666666665,3.8333333333333335,0.0,0.0,3.4,3.8,7.4,10.6,12.0,10.6,11.8,10.0,6.4,0.0,0.0
Napa,1.0,4.0,7.0,5.0,7.0,8.0,6.0,6.0,4.0,2.0,0.0,0.0,1.0,2.0,4.0,4.0,4.0,5.0,4.0,8.0,6.0,2.0,0.0,0.0,0.0,1.0,7.0,6.0,7.0,10.0,8.0,8.0,4.0,2.0,0.0,0.0,1.0,2.0,3.0,4.0,3.0,3.0,3.0,4.0,4.0,2.0,0.0,0.0,1.0,3.0,3.0,2.0,3.0,3.0,2.0,3.0,2.0,1.0,0.0,0.0,0.0,0.0,0.0,0.0,0.0,0.0,0.0,0.0,0.0,0.0,0.0,0.0,2.6560454560848035,0.0,2.0,4.0,2.5882721152098522,1.0,3.0,4.25,4.166666666666667,3.3333333333333335,4.416666666666667,2.4166666666666665,1.9166666666666667,0.0,0.8,2.4,4.8,4.2,4.8,5.8,4.6,5.8,4.0,1.8,0.0,0.0
Newhall,0.0,11.0,26.0,32.0,33.0,32.0,33.0,21.0,30.0,20.0,1.0,0.0,0.0,16.0,40.0,43.0,28.0,31.0,29.0,24.0,41.0,38.0,5.0,0.0,0.0,7.0,29.0,44.0,34.0,42.0,40.0,35.0,40.0,28.0,0.0,0.0,0.0,10.0,36.0,35.0,21.0,27.0,21.0,26.0,34.0,14.0,1.0,0.0,0.0,10.0,35.0,29.0,22.0,35.0,24.0,33.0,48.0,22.0,1.0,0.0,0.0,0.0,0.0,0.0,0.0,0.0,0.0,0.0,0.0,0.0,0.0,0.0,16.026771177195897,0.0,21.0,33.0,15.081052204445829,6.5,26.0,34.0,19.916666666666668,24.583333333333332,24.916666666666668,18.75,21.583333333333332,0.0,0.0,10.8,33.2,36.6,27.6,33.4,29.4,27.8,38.6,24.4,1.6,0.0
Norco,0.0,19.0,36.0,41.0,37.0,47.0,35.0,37.0,37.0,13.0,1.0,0.0,0.0,19.0,36.0,39.0,33.0,38.0,29.0,30.0,23.0,7.0,0.0,0.0,0.0,6.0,22.0,26.0,29.0,32.0,27.0,25.0,21.0,13.0,0.0,0.0,0.0,17.0,22.0,13.0,14.0,15.0,12.0,12.0,16.0,7.0,0.0,0.0,0.0,15.0,26.0,21.0,9.0,9.0,12.0,16.0,16.0,7.0,0.0,0.0,0.0,0.0,0.0,0.0,0.0,0.0,0.0,0.0,0.0,0.0,0.0,0.0,13.993899576319414,0.0,12.5,25.25,13.673461863114035,4.75,15.5,27.5,25.25,21.166666666666668,16.75,10.666666666666666,10.916666666666666,0.0,0.0,15.2,28.4,28.0,24.4,28.2,23.0,24.0,22.6,9.4,0.2,0.0
Novato,0.0,5.0,10.0,9.0,11.0,9.0,13.0,10.0,15.0,4.0,0.0,0.0,0.0,4.0,7.0,9.0,8.0,9.0,10.0,7.0,7.0,3.0,0.0,0.0,0.0,1.0,4.0,8.0,3.0,9.0,15.0,8.0,6.0,2.0,0.0,0.0,0.0,1.0,1.0,4.0,6.0,7.0,6.0,3.0,8.0,3.0,0.0,0.0,0.0,2.0,3.0,3.0,4.0,2.0,6.0,5.0,9.0,3.0,0.0,0.0,0.0,0.0,0.0,0.0,0.0,0.0,0.0,0.0,0.0,0.0,0.0,0.0,4.154583418380438,0.0,3.0,7.0,4.126392933794333,0.75,4.0,8.0,7.166666666666667,5.333333333333333,4.666666666666667,3.25,3.0833333333333335,0.0,0.0,2.6,5.0,6.6,6.4,7.2,10.0,6.6,9.0,3.0,0.0,0.0
Oakland Coliseum,0.0,9.0,24.0,39.0,35.0,21.0,24.0,17.0,30.0,19.0,3.0,0.0,0.0,6.0,11.0,13.0,18.0,26.0,24.0,17.0,20.0,12.0,1.0,0.0,0.0,1.0,7.0,25.0,28.0,25.0,25.0,19.0,22.0,10.0,2.0,0.0,0.0,6.0,5.0,4.0,5.0,3.0,8.0,5.0,6.0,5.0,2.0,0.0,0.0,6.0,7.0,16.0,13.0,13.0,11.0,8.0,8.0,3.0,1.0,0.0,0.0,0.0,0.0,0.0,0.0,0.0,0.0,0.0,0.0,0.0,0.0,0.0,10.194201917690965,0.0,6.0,17.0,10.200476337609155,2.75,8.0,19.0,18.416666666666668,12.333333333333334,13.666666666666666,4.083333333333333,7.166666666666667,0.0,0.0,5.6,10.8,19.4,19.8,17.6,18.4,13.2,17.2,9.8,1.8,0.0
Oakland,1.0,13.0,18.0,21.0,21.0,24.0,23.0,17.0,16.0,8.0,0.0,0.0,1.0,11.0,7.0,7.0,7.0,9.0,7.0,10.0,7.0,6.0,1.0,0.0,1.0,2.0,4.0,14.0,12.0,8.0,10.0,15.0,11.0,5.0,0.0,0.0,0.0,7.0,6.0,9.0,7.0,10.0,11.0,7.0,6.0,3.0,2.0,0.0,1.0,10.0,10.0,10.0,14.0,21.0,17.0,13.0,13.0,5.0,1.0,0.0,0.0,0.0,0.0,0.0,0.0,0.0,0.0,0.0,0.0,0.0,0.0,0.0,6.738347038686232,0.0,7.0,11.0,6.547522928342835,2.0,7.0,12.25,13.5,6.083333333333333,6.833333333333333,5.666666666666667,9.583333333333334,0.0,0.8,8.6,9.0,12.2,12.2,14.4,13.6,12.4,10.6,5.4,0.8,0.0
Oceanside,0.0,15.0,31.0,51.0,49.0,58.0,61.0,56.0,51.0,27.0,8.0,0.0,0.0,13.0,24.0,39.0,39.0,30.0,36.0,34.0,33.0,29.0,3.0,0.0,0.0,5.0,10.0,25.0,31.0,35.0,49.0,57.0,51.0,27.0,1.0,0.0,0.0,12.0,24.0,29.0,29.0,18.0,20.0,23.0,15.0,10.0,0.0,0.0,0.0,9.0,14.0,24.0,23.0,18.0,22.0,21.0,24.0,19.0,6.0,0.0,0.0,0.0,0.0,0.0,0.0,0.0,0.0,0.0,0.0,0.0,0.0,0.0,18.199791052816984,0.0,16.5,29.25,17.72893832797915,7.5,22.5,31.5,33.916666666666664,23.333333333333332,24.25,15.0,15.0,0.0,0.0,10.8,20.6,33.6,34.2,31.8,37.6,38.2,34.8,22.4,3.6,0.0
Oxnard,0.0,16.0,27.0,38.0,25.0,24.0,34.0,36.0,28.0,16.0,0.0,0.0,0.0,15.0,29.0,44.0,37.0,43.0,34.0,20.0,24.0,19.0,5.0,0.0,0.0,6.0,15.0,19.0,16.0,24.0,27.0,22.0,19.0,18.0,0.0,0.0,0.0,12.0,24.0,19.0,14.0,10.0,16.0,23.0,22.0,10.0,0.0,0.0,1.0,11.0,20.0,28.0,25.0,22.0,22.0,14.0,17.0,11.0,2.0,0.0,0.0,0.0,0.0,0.0,0.0,0.0,0.0,0.0,0.0,0.0,0.0,0.0,12.723856254959426,0.0,15.0,23.25,12.143341157328852,5.75,17.5,24.0,20.333333333333332,22.5,13.833333333333334,12.5,14.416666666666666,0.0,0.2,12.0,23.0,29.6,23.4,24.6,26.6,23.0,22.0,14.8,1.4,0.0
Pacoima Driver License Processing Center (DL Only),0.0,13.0,21.0,19.0,25.0,17.0,17.0,24.0,26.0,10.0,0.0,0.0,0.0,10.0,15.0,20.0,26.0,17.0,13.0,19.0,23.0,9.0,0.0,0.0,0.0,4.0,13.0,22.0,27.0,26.0,31.0,21.0,18.0,10.0,0.0,0.0,0.0,5.0,9.0,10.0,11.0,12.0,14.0,18.0,15.0,6.0,1.0,0.0,0.0,11.0,9.0,15.0,11.0,8.0,11.0,16.0,8.0,5.0,0.0,0.0,0.0,0.0,0.0,0.0,0.0,0.0,0.0,0.0,0.0,0.0,0.0,0.0,9.158479057908421,0.0,9.5,17.0,8.857615064607876,3.25,11.0,18.0,14.333333333333334,12.666666666666666,14.333333333333334,8.416666666666666,7.833333333333333,0.0,0.0,8.6,13.4,17.2,20.0,16.0,17.2,19.6,18.0,8.0,0.2,0.0
Palm Desert,0.0,11.0,32.0,32.0,21.0,33.0,32.0,18.0,11.0,10.0,5.0,0.0,0.0,11.0,29.0,32.0,14.0,14.0,22.0,14.0,24.0,5.0,0.0,0.0,0.0,3.0,14.0,26.0,17.0,24.0,25.0,10.0,9.0,4.0,0.0,0.0,0.0,9.0,13.0,7.0,4.0,10.0,7.0,7.0,11.0,2.0,0.0,0.0,0.0,9.0,21.0,11.0,6.0,14.0,7.0,11.0,11.0,7.0,3.0,0.0,0.0,0.0,0.0,0.0,0.0,0.0,0.0,0.0,0.0,0.0,0.0,0.0,10.007039775599102,0.0,7.0,14.0,9.962301823731233,3.0,10.0,14.75,17.083333333333332,13.75,11.0,5.833333333333333,8.333333333333334,0.0,0.0,8.6,21.8,21.6,12.4,19.0,18.6,12.0,13.2,5.6,1.6,0.0
Palm Springs,0.0,4.0,5.0,6.0,9.0,9.0,8.0,7.0,7.0,4.0,0.0,0.0,0.0,5.0,4.0,6.0,8.0,7.0,8.0,5.0,7.0,3.0,0.0,0.0,0.0,1.0,4.0,5.0,4.0,8.0,9.0,7.0,7.0,4.0,0.0,0.0,0.0,3.0,1.0,2.0,3.0,6.0,5.0,3.0,3.0,1.0,0.0,0.0,0.0,3.0,3.0,6.0,7.0,4.0,3.0,3.0,5.0,3.0,0.0,0.0,0.0,0.0,0.0,0.0,0.0,0.0,0.0,0.0,0.0,0.0,0.0,0.0,3.006741252210851,0.0,3.0,5.25,2.9147491679155526,0.75,4.0,6.0,4.916666666666667,4.416666666666667,4.083333333333333,2.25,3.0833333333333335,0.0,0.0,3.2,3.4,5.0,6.2,6.8,6.6,5.0,5.8,3.0,0.0,0.0
Pasadena,0.0,11.0,12.0,15.0,12.0,9.0,8.0,10.0,18.0,9.0,2.0,0.0,0.0,13.0,12.0,10.0,9.0,11.0,14.0,10.0,11.0,9.0,1.0,0.0,0.0,6.0,11.0,15.0,15.0,10.0,7.0,6.0,8.0,6.0,1.0,0.0,0.0,9.0,4.0,4.0,5.0,5.0,5.0,8.0,7.0,3.0,2.0,0.0,0.0,9.0,10.0,12.0,11.0,9.0,6.0,7.0,12.0,8.0,3.0,0.0,0.0,0.0,0.0,0.0,0.0,0.0,0.0,0.0,0.0,0.0,0.0,0.0,5.131982628224751,0.0,6.0,10.0,4.794653331052387,3.0,8.0,11.0,8.833333333333334,8.333333333333334,7.083333333333333,4.333333333333333,7.25,0.0,0.0,9.6,9.8,11.2,10.4,8.8,8.0,8.2,11.2,7.0,1.8,0.0
Paso Robles,0.0,13.0,38.0,42.0,47.0,40.0,35.0,29.0,21.0,9.0,0.0,0.0,0.0,17.0,33.0,35.0,28.0,23.0,20.0,25.0,22.0,8.0,0.0,0.0,0.0,3.0,19.0,29.0,23.0,16.0,19.0,14.0,13.0,8.0,0.0,0.0,0.0,10.0,17.0,18.0,14.0,14.0,15.0,23.0,10.0,5.0,0.0,0.0,0.0,10.0,14.0,12.0,15.0,19.0,19.0,14.0,14.0,7.0,0.0,0.0,0.0,0.0,0.0,0.0,0.0,0.0,0.0,0.0,0.0,0.0,0.0,0.0,12.520335571257721,0.0,11.0,19.0,12.339580796659508,2.25,14.0,21.25,22.833333333333332,17.583333333333332,12.0,10.5,10.333333333333334,0.0,0.0,10.6,24.2,27.2,25.4,22.4,21.6,21.0,16.0,7.4,0.0,0.0
Petaluma,0.0,3.0,18.0,22.0,16.0,23.0,28.0,18.0,16.0,5.0,0.0,0.0,0.0,6.0,16.0,13.0,21.0,21.0,18.0,20.0,24.0,7.0,0.0,0.0,0.0,1.0,8.0,19.0,19.0,14.0,14.0,16.0,15.0,2.0,0.0,0.0,0.0,2.0,1.0,1.0,1.0,3.0,7.0,5.0,2.0,1.0,0.0,0.0,0.0,4.0,3.0,4.0,8.0,6.0,9.0,6.0,9.0,3.0,0.0,0.0,0.0,0.0,0.0,0.0,0.0,0.0,0.0,0.0,0.0,0.0,0.0,0.0,8.06366490535106,0.0,3.0,14.0,8.215253829324203,0.75,5.0,16.0,12.416666666666666,12.166666666666666,9.0,1.9166666666666667,4.333333333333333,0.0,0.0,3.2,9.2,11.8,13.0,13.4,15.2,13.0,13.2,3.6,0.0,0.0
Pittsburg,1.0,16.0,43.0,63.0,65.0,64.0,69.0,68.0,65.0,8.0,0.0,0.0,0.0,18.0,41.0,51.0,52.0,58.0,57.0,63.0,52.0,23.0,0.0,0.0,1.0,5.0,18.0,35.0,40.0,39.0,33.0,33.0,43.0,32.0,0.0,0.0,1.0,11.0,13.0,7.0,9.0,7.0,11.0,17.0,17.0,6.0,0.0,0.0,1.0,13.0,26.0,25.0,24.0,18.0,20.0,28.0,30.0,17.0,0.0,0.0,0.0,0.0,0.0,0.0,0.0,0.0,0.0,0.0,0.0,0.0,0.0,0.0,22.33136684636471,0.0,13.0,33.5,22.36453887005177,4.0,18.0,40.25,38.5,34.583333333333336,23.25,8.25,16.833333333333332,0.0,0.8,12.6,28.2,36.2,38.0,37.2,38.0,41.8,41.4,17.2,0.0,0.0
Placerville,0.0,18.0,59.0,87.0,98.0,97.0,102.0,90.0,84.0,36.0,0.0,0.0,1.0,19.0,35.0,50.0,38.0,33.0,24.0,32.0,42.0,11.0,0.0,0.0,0.0,9.0,32.0,75.0,95.0,103.0,85.0,66.0,57.0,16.0,0.0,0.0,0.0,14.0,36.0,39.0,39.0,36.0,38.0,37.0,38.0,21.0,0.0,0.0,0.0,12.0,22.0,29.0,20.0,25.0,33.0,25.0,28.0,23.0,0.0,0.0,0.0,0.0,0.0,0.0,0.0,0.0,0.0,0.0,0.0,0.0,0.0,0.0,31.126800970452255,0.0,21.5,38.0,31.239637830029533,7.0,28.5,39.75,55.916666666666664,23.75,44.833333333333336,24.833333333333332,18.083333333333332,0.0,0.2,14.4,36.8,56.0,58.0,58.8,56.4,50.0,49.8,21.4,0.0,0.0
Pleasanton Stoneridge,0.0,0.0,0.0,1.0,5.0,1.0,4.0,3.0,2.0,0.0,0.0,0.0,0.0,0.0,1.0,3.0,4.0,4.0,6.0,4.0,3.0,1.0,0.0,0.0,0.0,0.0,2.0,1.0,0.0,0.0,1.0,1.0,0.0,0.0,0.0,0.0,0.0,0.0,1.0,0.0,1.0,0.0,1.0,1.0,1.0,1.0,0.0,0.0,0.0,1.0,1.0,2.0,4.0,3.0,4.0,8.0,4.0,1.0,0.0,0.0,0.0,0.0,0.0,0.0,0.0,0.0,0.0,0.0,0.0,0.0,0.0,0.0,1.719298088026901,0.0,0.0,1.0,1.8023054915151766,0.0,1.0,2.0,1.3333333333333333,2.1666666666666665,0.4166666666666667,0.5,2.3333333333333335,0.0,0.0,0.2,1.0,1.4,2.8,1.6,3.2,3.4,2.0,0.6,0.0,0.0
Pleasanton,0.0,8.0,20.0,11.0,13.0,19.0,13.0,8.0,11.0,9.0,0.0,0.0,0.0,7.0,14.0,20.0,21.0,14.0,13.0,16.0,17.0,9.0,1.0,0.0,0.0,1.0,8.0,17.0,17.0,8.0,8.0,13.0,12.0,9.0,0.0,0.0,0.0,7.0,15.0,14.0,4.0,4.0,6.0,3.0,11.0,5.0,0.0,0.0,0.0,2.0,1.0,3.0,2.0,2.0,3.0,3.0,3.0,2.0,0.0,0.0,0.0,0.0,0.0,0.0,0.0,0.0,0.0,0.0,0.0,0.0,0.0,0.0,6.507474335118212,0.0,3.0,11.0,6.5096842243356905,1.0,6.5,13.0,9.333333333333334,11.0,7.75,5.75,1.75,0.0,0.0,5.0,11.6,13.0,11.4,9.4,8.6,8.6,10.8,6.8,0.2,0.0
Pomona,1.0,23.0,40.0,51.0,56.0,63.0,58.0,62.0,62.0,28.0,1.0,0.0,1.0,22.0,37.0,46.0,41.0,35.0,31.0,18.0,18.0,17.0,3.0,0.0,1.0,8.0,20.0,32.0,35.0,35.0,35.0,27.0,21.0,14.0,4.0,0.0,1.0,16.0,24.0,21.0,19.0,10.0,6.0,8.0,12.0,10.0,1.0,0.0,1.0,17.0,27.0,27.0,23.0,20.0,25.0,24.0,28.0,9.0,3.0,0.0,0.0,0.0,0.0,0.0,0.0,0.0,0.0,0.0,0.0,0.0,0.0,0.0,18.056835153886958,1.0,16.5,27.25,17.761413136633287,5.5,20.0,31.25,37.083333333333336,22.416666666666668,19.333333333333332,10.666666666666666,17.0,0.0,1.0,17.2,29.6,35.4,34.8,32.6,31.0,27.8,28.2,15.6,2.4,0.0
Porterville,0.0,21.0,65.0,98.0,121.0,88.0,38.0,49.0,62.0,44.0,0.0,0.0,0.0,18.0,55.0,89.0,87.0,63.0,51.0,58.0,55.0,21.0,0.0,0.0,0.0,8.0,29.0,55.0,65.0,62.0,59.0,59.0,40.0,9.0,1.0,0.0,0.0,10.0,24.0,28.0,15.0,12.0,14.0,7.0,11.0,7.0,0.0,0.0,0.0,13.0,41.0,50.0,34.0,24.0,19.0,16.0,31.0,15.0,1.0,0.0,0.0,0.0,0.0,0.0,0.0,0.0,0.0,0.0,0.0,0.0,0.0,0.0,29.590515229534205,0.0,14.5,49.25,29.898869090341123,5.5,21.0,55.0,48.833333333333336,41.416666666666664,32.25,10.666666666666666,20.333333333333332,0.0,0.0,14.0,42.8,64.0,64.4,49.8,36.2,37.8,39.8,19.2,0.4,0.0
Poway,0.0,15.0,28.0,35.0,49.0,58.0,64.0,56.0,45.0,26.0,5.0,0.0,0.0,15.0,29.0,45.0,56.0,58.0,55.0,39.0,38.0,31.0,16.0,0.0,0.0,8.0,19.0,36.0,37.0,42.0,41.0,26.0,29.0,12.0,2.0,0.0,0.0,10.0,7.0,5.0,15.0,19.0,13.0,18.0,27.0,18.0,2.0,0.0,0.0,11.0,27.0,37.0,41.0,50.0,59.0,48.0,43.0,30.0,6.0,0.0,0.0,0.0,0.0,0.0,0.0,0.0,0.0,0.0,0.0,0.0,0.0,0.0,20.190403327855318,0.0,15.5,37.25,19.60844825420546,6.75,26.0,41.0,31.75,31.833333333333332,21.0,11.166666666666666,29.333333333333332,0.0,0.0,11.8,22.0,31.6,39.6,45.4,46.4,37.4,36.4,23.4,6.2,0.0
Quincy,0.0,8.0,8.0,6.0,10.0,0.0,8.0,20.0,11.0,3.0,0.0,0.0,0.0,3.0,3.0,8.0,4.0,1.0,5.0,10.0,3.0,2.0,0.0,0.0,0.0,1.0,8.0,5.0,12.0,0.0,6.0,9.0,5.0,4.0,0.0,0.0,0.0,4.0,8.0,4.0,3.0,0.0,7.0,14.0,14.0,3.0,0.0,0.0,0.0,1.0,2.0,9.0,6.0,0.0,8.0,20.0,12.0,4.0,0.0,0.0,0.0,0.0,0.0,0.0,0.0,0.0,0.0,0.0,0.0,0.0,0.0,0.0,4.8694216910875365,0.0,2.5,7.25,4.978938692982127,0.0,3.5,8.0,6.166666666666667,3.25,4.166666666666667,4.75,5.166666666666667,0.0,0.0,3.4,5.8,6.4,7.0,0.2,6.8,14.6,9.0,3.2,0.0,0.0
Rancho Cucamonga,0.0,19.0,42.0,61.0,53.0,60.0,75.0,61.0,44.0,13.0,4.0,0.0,0.0,16.0,46.0,70.0,55.0,52.0,54.0,47.0,49.0,26.0,2.0,0.0,0.0,8.0,22.0,48.0,57.0,70.0,57.0,36.0,45.0,23.0,2.0,0.0,0.0,10.0,19.0,21.0,19.0,32.0,30.0,29.0,29.0,16.0,1.0,0.0,0.0,16.0,34.0,39.0,46.0,53.0,44.0,30.0,27.0,16.0,4.0,0.0,0.0,0.0,0.0,0.0,0.0,0.0,0.0,0.0,0.0,0.0,0.0,0.0,23.19233050068941,0.0,19.0,45.25,22.49554883780621,7.0,28.0,47.25,36.0,34.75,30.666666666666668,17.166666666666668,25.75,0.0,0.0,13.8,32.6,47.8,46.0,53.4,52.0,40.6,38.8,18.8,2.6,0.0
Rancho San Diego Industry Business Center,,,,,,,,,,,,,,,,,,,,,,,,,,,,,,,,,,,,,,,,,,,,,,,,,,,,,,,,,,,,,,,,,,,,,,,,,,,,,,,,,,,,,,,,,,,,,,,,,,
Red Bluff,0.0,11.0,20.0,26.0,29.0,28.0,26.0,17.0,20.0,13.0,0.0,0.0,0.0,7.0,22.0,20.0,21.0,13.0,8.0,11.0,8.0,3.0,0.0,0.0,0.0,1.0,13.0,25.0,21.0,23.0,12.0,7.0,7.0,3.0,0.0,0.0,0.0,5.0,8.0,10.0,6.0,3.0,2.0,6.0,10.0,7.0,0.0,0.0,0.0,5.0,6.0,4.0,5.0,11.0,10.0,17.0,9.0,4.0,1.0,0.0,0.0,0.0,0.0,0.0,0.0,0.0,0.0,0.0,0.0,0.0,0.0,0.0,8.554529133803651,0.0,5.0,11.25,8.609940385759224,1.0,7.0,13.0,15.833333333333334,9.416666666666666,9.333333333333334,4.75,6.0,0.0,0.0,5.8,13.8,17.0,16.4,15.6,11.6,11.6,10.8,6.0,0.2,0.0
Redding,0.0,8.0,28.0,44.0,14.0,20.0,22.0,19.0,22.0,9.0,0.0,0.0,0.0,9.0,22.0,26.0,26.0,22.0,18.0,17.0,21.0,17.0,0.0,0.0,0.0,1.0,9.0,28.0,24.0,24.0,21.0,32.0,22.0,6.0,0.0,0.0,0.0,8.0,13.0,20.0,18.0,21.0,17.0,13.0,13.0,6.0,0.0,0.0,0.0,6.0,19.0,26.0,11.0,14.0,13.0,18.0,13.0,10.0,0.0,0.0,0.0,0.0,0.0,0.0,0.0,0.0,0.0,0.0,0.0,0.0,0.0,0.0,10.669123836701846,0.0,9.5,20.0,10.372987518381441,0.75,13.0,21.0,15.5,14.833333333333334,13.916666666666666,10.75,10.833333333333334,0.0,0.0,6.4,18.2,28.8,18.6,20.2,18.2,19.8,18.2,9.6,0.0,0.0
Redlands,0.0,2.0,1.0,3.0,1.0,2.0,7.0,4.0,2.0,1.0,0.0,0.0,0.0,2.0,1.0,3.0,4.0,1.0,3.0,4.0,6.0,3.0,0.0,0.0,0.0,0.0,4.0,8.0,4.0,7.0,7.0,6.0,5.0,7.0,1.0,0.0,0.0,3.0,3.0,3.0,4.0,2.0,2.0,2.0,6.0,2.0,1.0,0.0,0.0,3.0,7.0,3.0,1.0,4.0,10.0,9.0,3.0,2.0,1.0,0.0,0.0,0.0,0.0,0.0,0.0,0.0,0.0,0.0,0.0,0.0,0.0,0.0,2.569076973257651,0.0,2.0,4.0,2.565525463517133,1.0,2.0,4.0,1.9166666666666667,2.25,4.083333333333333,2.3333333333333335,3.5833333333333335,0.0,0.0,2.0,3.2,4.0,2.8,3.2,5.8,5.0,4.4,3.0,0.6,0.0
Redwood City,0.0,9.0,22.0,19.0,13.0,15.0,14.0,14.0,24.0,11.0,0.0,0.0,0.0,6.0,14.0,11.0,15.0,17.0,13.0,9.0,13.0,4.0,0.0,0.0,0.0,1.0,6.0,12.0,8.0,16.0,13.0,5.0,10.0,5.0,0.0,0.0,0.0,3.0,2.0,3.0,2.0,1.0,4.0,3.0,6.0,2.0,0.0,0.0,0.0,6.0,9.0,12.0,9.0,4.0,6.0,7.0,10.0,7.0,0.0,0.0,0.0,0.0,0.0,0.0,0.0,0.0,0.0,0.0,0.0,0.0,0.0,0.0,6.305582269872333,0.0,4.0,10.25,6.303863939281347,0.75,6.0,12.0,11.75,8.5,6.333333333333333,2.1666666666666665,5.833333333333333,0.0,0.0,5.0,10.6,11.4,9.4,10.6,10.0,7.6,12.6,5.8,0.0,0.0
Reedley,0.0,12.0,22.0,35.0,38.0,43.0,37.0,47.0,49.0,23.0,0.0,0.0,0.0,13.0,39.0,47.0,40.0,57.0,43.0,26.0,26.0,13.0,0.0,0.0,0.0,4.0,17.0,31.0,36.0,42.0,27.0,21.0,33.0,16.0,2.0,0.0,0.0,12.0,24.0,19.0,15.0,22.0,10.0,8.0,9.0,7.0,0.0,0.0,0.0,9.0,21.0,30.0,33.0,34.0,24.0,17.0,17.0,11.0,1.0,0.0,0.0,0.0,0.0,0.0,0.0,0.0,0.0,0.0,0.0,0.0,0.0,0.0,16.311497332462064,0.0,12.5,27.75,16.019021179461078,3.5,17.0,33.0,25.5,25.333333333333332,19.083333333333332,10.5,16.416666666666668,0.0,0.0,10.0,24.6,32.4,32.4,39.6,28.2,23.8,26.8,14.0,0.6,0.0
Riverside East,1.0,15.0,16.0,13.0,8.0,13.0,14.0,7.0,9.0,4.0,0.0,0.0,0.0,8.0,3.0,5.0,4.0,8.0,9.0,6.0,7.0,3.0,0.0,0.0,0.0,5.0,5.0,3.0,7.0,10.0,7.0,4.0,6.0,2.0,0.0,0.0,0.0,7.0,1.0,1.0,4.0,7.0,6.0,4.0,2.0,2.0,0.0,0.0,1.0,10.0,4.0,2.0,4.0,8.0,6.0,2.0,6.0,5.0,0.0,0.0,0.0,0.0,0.0,0.0,0.0,0.0,0.0,0.0,0.0,0.0,0.0,0.0,4.195533805412973,0.0,3.0,7.0,4.169569610219175,1.0,4.0,7.0,8.333333333333334,4.416666666666667,4.083333333333333,2.8333333333333335,4.0,0.0,0.4,9.0,5.8,4.8,5.4,9.2,8.4,4.6,6.0,3.2,0.0,0.0
Riverside,0.0,10.0,36.0,58.0,50.0,47.0,50.0,52.0,48.0,28.0,4.0,0.0,0.0,8.0,28.0,36.0,36.0,37.0,34.0,33.0,43.0,27.0,5.0,0.0,0.0,7.0,16.0,35.0,42.0,41.0,48.0,55.0,36.0,33.0,5.0,0.0,0.0,9.0,20.0,32.0,22.0,17.0,12.0,17.0,27.0,30.0,7.0,0.0,0.0,7.0,31.0,44.0,37.0,37.0,26.0,32.0,39.0,21.0,5.0,0.0,0.0,0.0,0.0,0.0,0.0,0.0,0.0,0.0,0.0,0.0,0.0,0.0,18.50102564512986,0.0,18.5,36.0,17.650723004989626,7.0,27.5,37.0,31.916666666666668,23.916666666666668,26.5,16.083333333333332,23.25,0.0,0.0,8.2,26.2,41.0,37.4,35.8,34.0,37.8,38.6,27.8,5.2,0.0
Rocklin,0.0,9.0,18.0,26.0,26.0,30.0,35.0,41.0,27.0,8.0,0.0,0.0,0.0,10.0,16.0,22.0,18.0,17.0,23.0,25.0,22.0,9.0,0.0,0.0,0.0,4.0,11.0,17.0,20.0,18.0,16.0,13.0,6.0,4.0,0.0,0.0,0.0,4.0,3.0,5.0,8.0,5.0,9.0,14.0,13.0,9.0,0.0,0.0,0.0,7.0,12.0,11.0,12.0,11.0,23.0,19.0,13.0,7.0,0.0,0.0,0.0,0.0,0.0,0.0,0.0,0.0,0.0,0.0,0.0,0.0,0.0,0.0,10.0429437853054,0.0,7.5,16.25,9.992991894605426,2.25,9.5,18.0,18.333333333333332,13.5,9.083333333333334,5.833333333333333,9.583333333333334,0.0,0.0,6.8,12.0,16.2,16.8,16.2,21.2,22.4,16.2,7.4,0.0,0.0
Roseville,0.0,14.0,44.0,63.0,64.0,70.0,69.0,65.0,53.0,35.0,0.0,0.0,0.0,11.0,33.0,40.0,43.0,43.0,39.0,36.0,29.0,30.0,2.0,0.0,0.0,3.0,16.0,26.0,33.0,32.0,42.0,43.0,43.0,34.0,6.0,0.0,0.0,8.0,16.0,25.0,25.0,33.0,42.0,36.0,33.0,19.0,4.0,0.0,0.0,8.0,23.0,32.0,31.0,26.0,26.0,20.0,27.0,21.0,5.0,0.0,0.0,0.0,0.0,0.0,0.0,0.0,0.0,0.0,0.0,0.0,0.0,0.0,20.374616560809187,0.0,20.5,34.25,19.764567680402735,5.75,26.0,36.75,39.75,25.5,23.166666666666668,20.083333333333332,18.25,0.0,0.0,8.8,26.4,37.2,39.2,40.8,43.6,40.0,37.0,27.8,3.4,0.0
Sacramento South,0.0,10.0,13.0,20.0,16.0,15.0,18.0,18.0,14.0,11.0,0.0,0.0,0.0,9.0,13.0,15.0,19.0,25.0,32.0,29.0,23.0,8.0,0.0,0.0,0.0,5.0,14.0,19.0,25.0,29.0,24.0,20.0,13.0,15.0,1.0,0.0,0.0,9.0,15.0,13.0,15.0,18.0,24.0,23.0,20.0,11.0,0.0,0.0,0.0,9.0,14.0,18.0,19.0,19.0,23.0,21.0,18.0,17.0,4.0,0.0,0.0,0.0,0.0,0.0,0.0,0.0,0.0,0.0,0.0,0.0,0.0,0.0,9.5754049669813,0.0,13.0,18.25,9.026186010619606,4.75,14.5,19.0,11.25,14.416666666666666,13.75,12.333333333333334,13.5,0.0,0.0,8.4,13.8,17.0,18.8,21.2,24.2,22.2,17.6,12.4,1.0,0.0
Sacramento,0.0,11.0,19.0,24.0,25.0,24.0,24.0,21.0,24.0,18.0,0.0,0.0,0.0,12.0,29.0,33.0,39.0,35.0,33.0,18.0,19.0,20.0,0.0,0.0,0.0,5.0,7.0,13.0,18.0,20.0,24.0,20.0,14.0,10.0,0.0,0.0,0.0,9.0,20.0,25.0,33.0,32.0,40.0,41.0,29.0,8.0,0.0,0.0,0.0,10.0,15.0,19.0,21.0,24.0,17.0,15.0,18.0,24.0,4.0,0.0,0.0,0.0,0.0,0.0,0.0,0.0,0.0,0.0,0.0,0.0,0.0,0.0,12.484849973998063,0.0,13.5,24.0,11.996362443024418,4.75,18.0,24.0,15.833333333333334,19.833333333333332,10.916666666666666,19.75,13.916666666666666,0.0,0.0,9.4,18.0,22.8,27.2,27.0,27.6,23.0,20.8,16.0,0.8,0.0
Salinas,0.0,4.0,10.0,16.0,16.0,15.0,13.0,14.0,8.0,4.0,0.0,0.0,0.0,6.0,10.0,12.0,4.0,10.0,7.0,7.0,10.0,3.0,0.0,0.0,0.0,2.0,4.0,11.0,8.0,6.0,8.0,13.0,8.0,6.0,0.0,0.0,0.0,4.0,3.0,3.0,7.0,6.0,10.0,12.0,9.0,3.0,0.0,0.0,0.0,7.0,5.0,9.0,7.0,8.0,4.0,10.0,10.0,5.0,0.0,0.0,0.0,0.0,0.0,0.0,0.0,0.0,0.0,0.0,0.0,0.0,0.0,0.0,4.845318635142207,0.0,4.0,8.25,4.717170223264604,1.5,6.0,10.0,8.333333333333334,5.75,5.5,4.75,5.416666666666667,0.0,0.0,4.6,6.4,10.2,8.4,9.0,8.4,11.2,9.0,4.2,0.0,0.0
San Bernardino,0.0,18.0,41.0,65.0,58.0,70.0,72.0,69.0,66.0,34.0,3.0,0.0,1.0,21.0,50.0,76.0,66.0,77.0,64.0,42.0,32.0,22.0,7.0,0.0,0.0,8.0,19.0,45.0,42.0,43.0,31.0,28.0,29.0,19.0,1.0,0.0,1.0,16.0,32.0,39.0,29.0,37.0,32.0,22.0,20.0,9.0,2.0,0.0,0.0,15.0,31.0,45.0,39.0,36.0,39.0,36.0,36.0,14.0,3.0,0.0,0.0,0.0,0.0,0.0,0.0,0.0,0.0,0.0,0.0,0.0,0.0,0.0,23.768247252685434,0.0,20.5,39.0,23.136880823423198,7.75,30.0,42.0,41.333333333333336,38.166666666666664,22.083333333333332,19.916666666666668,24.5,0.0,0.4,15.6,34.6,54.0,46.8,52.6,47.6,39.4,36.6,19.6,3.2,0.0
San Clemente,0.0,14.0,47.0,73.0,85.0,102.0,96.0,68.0,54.0,22.0,7.0,0.0,0.0,16.0,40.0,56.0,54.0,56.0,53.0,44.0,30.0,14.0,8.0,0.0,0.0,7.0,23.0,40.0,45.0,60.0,68.0,50.0,36.0,9.0,5.0,0.0,0.0,12.0,18.0,13.0,10.0,15.0,8.0,11.0,11.0,6.0,2.0,0.0,0.0,12.0,35.0,38.0,35.0,32.0,24.0,18.0,20.0,13.0,2.0,0.0,0.0,0.0,0.0,0.0,0.0,0.0,0.0,0.0,0.0,0.0,0.0,0.0,25.853834815127282,0.0,12.5,38.5,26.101123425396782,7.0,17.0,44.25,47.333333333333336,30.916666666666668,28.583333333333332,8.833333333333334,19.083333333333332,0.0,0.0,12.2,32.6,44.0,45.8,53.0,49.8,38.2,30.2,12.8,4.8,0.0
San Diego Clairemont,0.0,21.0,47.0,63.0,72.0,71.0,59.0,60.0,64.0,48.0,0.0,0.0,0.0,20.0,45.0,46.0,39.0,37.0,39.0,44.0,43.0,25.0,0.0,0.0,0.0,6.0,16.0,44.0,59.0,60.0,54.0,50.0,42.0,21.0,0.0,0.0,0.0,14.0,27.0,28.0,26.0,30.0,18.0,20.0,27.0,12.0,1.0,0.0,0.0,16.0,38.0,58.0,64.0,66.0,63.0,43.0,48.0,31.0,0.0,0.0,0.0,0.0,0.0,0.0,0.0,0.0,0.0,0.0,0.0,0.0,0.0,0.0,24.27550769531741,0.0,21.0,45.25,23.502103524078372,4.75,29.0,48.0,42.083333333333336,28.166666666666668,29.333333333333332,16.916666666666668,35.583333333333336,0.0,0.0,15.4,34.6,47.8,52.0,52.8,46.6,43.4,44.8,27.4,0.2,0.0
San Diego,1.0,21.0,40.0,54.0,63.0,49.0,55.0,43.0,39.0,15.0,1.0,0.0,0.0,22.0,43.0,56.0,65.0,54.0,42.0,42.0,49.0,22.0,1.0,0.0,1.0,5.0,23.0,45.0,50.0,46.0,49.0,46.0,46.0,20.0,0.0,0.0,1.0,19.0,30.0,40.0,38.0,22.0,32.0,30.0,35.0,10.0,1.0,0.0,0.0,17.0,28.0,39.0,30.0,27.0,41.0,36.0,26.0,23.0,0.0,0.0,0.0,0.0,0.0,0.0,0.0,0.0,0.0,0.0,0.0,0.0,0.0,0.0,20.763474422878897,0.0,22.0,41.25,19.83071719915264,4.0,29.0,43.0,31.75,33.0,27.583333333333332,21.5,22.25,0.0,0.6,16.8,32.8,46.8,49.2,39.6,43.8,39.4,39.0,18.0,0.6,0.0
San Francisco,0.0,8.0,15.0,17.0,16.0,21.0,14.0,19.0,13.0,7.0,0.0,0.0,0.0,10.0,21.0,23.0,14.0,12.0,9.0,14.0,10.0,6.0,1.0,0.0,0.0,2.0,4.0,12.0,10.0,11.0,15.0,25.0,23.0,5.0,0.0,0.0,0.0,7.0,6.0,2.0,3.0,4.0,7.0,8.0,7.0,4.0,0.0,0.0,0.0,6.0,9.0,9.0,5.0,4.0,9.0,13.0,8.0,3.0,0.0,0.0,0.0,0.0,0.0,0.0,0.0,0.0,0.0,0.0,0.0,0.0,0.0,0.0,6.956479399365947,0.0,5.0,10.25,6.913080208279207,1.75,7.0,12.25,10.833333333333334,10.0,8.916666666666666,4.0,5.5,0.0,0.0,6.6,11.0,12.6,9.6,10.4,10.8,15.8,12.2,5.0,0.2,0.0
San Jose Driver License Processing Center (DL Only),0.0,6.0,3.0,5.0,6.0,6.0,5.0,2.0,2.0,2.0,0.0,0.0,0.0,3.0,2.0,4.0,7.0,9.0,8.0,2.0,2.0,1.0,0.0,0.0,0.0,1.0,4.0,4.0,5.0,7.0,9.0,2.0,5.0,1.0,0.0,0.0,0.0,1.0,1.0,2.0,1.0,1.0,1.0,1.0,2.0,1.0,0.0,0.0,0.0,2.0,1.0,1.0,2.0,2.0,1.0,1.0,2.0,2.0,0.0,0.0,0.0,0.0,0.0,0.0,0.0,0.0,0.0,0.0,0.0,0.0,0.0,0.0,2.383925038995416,0.0,1.0,2.0,2.437698275290839,0.75,2.0,3.25,3.0833333333333335,3.1666666666666665,3.1666666666666665,0.9166666666666666,1.1666666666666667,0.0,0.0,2.6,2.2,3.2,4.2,5.0,4.8,1.6,2.6,1.4,0.0,0.0
San Jose,0.0,4.0,7.0,7.0,12.0,16.0,23.0,19.0,19.0,5.0,0.0,0.0,0.0,4.0,6.0,6.0,6.0,10.0,9.0,10.0,13.0,3.0,0.0,0.0,0.0,0.0,5.0,8.0,9.0,16.0,15.0,12.0,13.0,4.0,0.0,0.0,0.0,3.0,2.0,1.0,4.0,4.0,6.0,2.0,4.0,1.0,0.0,0.0,0.0,2.0,2.0,3.0,2.0,10.0,7.0,5.0,7.0,2.0,0.0,0.0,0.0,0.0,0.0,0.0,0.0,0.0,0.0,0.0,0.0,0.0,0.0,0.0,5.578855677728762,0.0,2.5,7.0,5.691107147556769,0.0,4.0,8.25,9.333333333333334,5.583333333333333,6.833333333333333,2.25,3.3333333333333335,0.0,0.0,2.6,4.4,5.0,6.6,11.2,12.0,9.6,11.2,3.0,0.0,0.0
San Luis Obispo,0.0,4.0,7.0,5.0,8.0,7.0,8.0,5.0,3.0,3.0,3.0,0.0,0.0,6.0,5.0,6.0,4.0,4.0,5.0,4.0,2.0,2.0,3.0,0.0,0.0,2.0,8.0,10.0,7.0,9.0,13.0,11.0,7.0,4.0,1.0,0.0,0.0,4.0,6.0,4.0,6.0,6.0,4.0,4.0,3.0,2.0,2.0,0.0,0.0,6.0,8.0,5.0,7.0,10.0,9.0,7.0,5.0,3.0,1.0,0.0,0.0,0.0,0.0,0.0,0.0,0.0,0.0,0.0,0.0,0.0,0.0,0.0,3.3366180998561923,0.0,4.0,6.0,3.1647779083277783,2.0,4.0,7.0,4.416666666666667,3.4166666666666665,6.0,3.4166666666666665,5.083333333333333,0.0,0.0,4.4,6.8,6.0,6.4,7.2,7.8,6.2,4.0,2.8,2.0,0.0
San Marcos,0.0,21.0,41.0,46.0,44.0,57.0,67.0,53.0,45.0,32.0,11.0,0.0,0.0,18.0,21.0,25.0,22.0,25.0,20.0,19.0,22.0,19.0,4.0,0.0,0.0,5.0,15.0,28.0,20.0,29.0,24.0,17.0,26.0,16.0,2.0,0.0,0.0,12.0,14.0,9.0,7.0,18.0,29.0,26.0,26.0,16.0,2.0,0.0,0.0,13.0,24.0,35.0,38.0,46.0,50.0,44.0,39.0,35.0,5.0,0.0,0.0,0.0,0.0,0.0,0.0,0.0,0.0,0.0,0.0,0.0,0.0,0.0,17.29824454896344,0.0,16.5,26.5,16.814004117499106,6.5,20.0,29.75,34.75,16.25,15.166666666666666,13.25,27.416666666666668,0.0,0.0,13.8,23.0,28.6,26.2,35.0,38.0,31.8,31.6,23.6,4.8,0.0
San Mateo,1.0,14.0,17.0,15.0,11.0,16.0,18.0,18.0,12.0,7.0,0.0,0.0,1.0,10.0,12.0,5.0,7.0,5.0,8.0,14.0,12.0,3.0,0.0,0.0,1.0,2.0,6.0,17.0,14.0,11.0,9.0,10.0,9.0,4.0,0.0,0.0,1.0,10.0,3.0,4.0,4.0,4.0,2.0,3.0,3.0,1.0,0.0,0.0,1.0,12.0,11.0,12.0,12.0,10.0,11.0,6.0,8.0,6.0,1.0,0.0,0.0,0.0,0.0,0.0,0.0,0.0,0.0,0.0,0.0,0.0,0.0,0.0,5.720607669878792,0.0,4.0,11.0,5.595700528689831,1.0,6.0,11.25,10.75,6.416666666666667,6.916666666666667,2.9166666666666665,7.5,0.0,1.0,9.6,9.8,10.6,9.6,9.2,9.6,10.2,8.8,4.2,0.2,0.0
San Pedro,0.0,9.0,20.0,32.0,33.0,33.0,30.0,26.0,32.0,21.0,0.0,0.0,0.0,7.0,10.0,18.0,25.0,29.0,24.0,23.0,24.0,9.0,0.0,0.0,0.0,4.0,9.0,18.0,23.0,32.0,36.0,20.0,23.0,8.0,0.0,0.0,0.0,6.0,8.0,7.0,4.0,12.0,12.0,11.0,11.0,6.0,0.0,0.0,0.0,9.0,10.0,9.0,6.0,7.0,7.0,7.0,8.0,7.0,0.0,0.0,0.0,0.0,0.0,0.0,0.0,0.0,0.0,0.0,0.0,0.0,0.0,0.0,11.054699324350695,0.0,7.0,18.5,11.059609927633634,3.0,9.0,21.5,19.666666666666668,14.083333333333334,14.416666666666666,6.416666666666667,5.833333333333333,0.0,0.0,7.0,11.4,16.8,18.2,22.6,21.8,17.4,19.6,10.2,0.0,0.0
San Ysidro,0.0,12.0,21.0,27.0,33.0,32.0,22.0,18.0,21.0,7.0,0.0,0.0,0.0,10.0,21.0,22.0,19.0,18.0,25.0,18.0,20.0,8.0,1.0,0.0,0.0,3.0,13.0,27.0,24.0,38.0,31.0,18.0,21.0,9.0,0.0,0.0,0.0,7.0,18.0,18.0,17.0,24.0,16.0,17.0,10.0,3.0,0.0,0.0,0.0,8.0,18.0,18.0,16.0,18.0,19.0,14.0,17.0,10.0,1.0,0.0,0.0,0.0,0.0,0.0,0.0,0.0,0.0,0.0,0.0,0.0,0.0,0.0,10.595271629725604,0.0,10.0,18.25,10.215419827882112,2.5,16.5,20.25,16.083333333333332,13.5,15.333333333333334,10.833333333333334,11.583333333333334,0.0,0.0,8.0,18.2,22.4,21.8,26.0,22.6,17.0,17.8,7.4,0.4,0.0
Santa Ana,0.0,19.0,27.0,39.0,51.0,58.0,60.0,55.0,46.0,18.0,2.0,0.0,0.0,21.0,29.0,33.0,32.0,32.0,38.0,31.0,31.0,12.0,2.0,0.0,0.0,9.0,19.0,32.0,36.0,40.0,35.0,24.0,20.0,14.0,0.0,0.0,0.0,16.0,14.0,18.0,16.0,13.0,18.0,23.0,18.0,9.0,4.0,0.0,0.0,15.0,22.0,30.0,26.0,20.0,19.0,15.0,16.0,7.0,0.0,0.0,0.0,0.0,0.0,0.0,0.0,0.0,0.0,0.0,0.0,0.0,0.0,0.0,16.32322193486624,0.0,15.5,27.5,15.95742924228708,6.25,18.0,31.0,31.25,21.75,19.083333333333332,12.416666666666666,14.166666666666666,0.0,0.0,16.0,22.2,30.4,32.2,32.6,34.0,29.6,26.2,12.0,1.6,0.0
Santa Barbara,0.0,14.0,18.0,17.0,19.0,22.0,10.0,15.0,18.0,8.0,1.0,0.0,0.0,12.0,23.0,20.0,10.0,9.0,17.0,17.0,15.0,7.0,0.0,0.0,0.0,2.0,10.0,17.0,15.0,17.0,15.0,18.0,18.0,13.0,0.0,0.0,0.0,10.0,20.0,15.0,13.0,12.0,11.0,3.0,10.0,8.0,2.0,0.0,0.0,9.0,16.0,13.0,11.0,22.0,24.0,23.0,17.0,5.0,2.0,0.0,0.0,0.0,0.0,0.0,0.0,0.0,0.0,0.0,0.0,0.0,0.0,0.0,8.005854176504943,0.0,10.0,16.25,7.593689768076209,2.0,11.5,17.0,11.833333333333334,10.833333333333334,10.416666666666666,8.666666666666666,11.833333333333334,0.0,0.0,9.4,17.4,16.4,13.6,16.4,15.4,15.2,15.6,8.2,1.0,0.0
Santa Clara,0.0,7.0,26.0,25.0,22.0,23.0,17.0,21.0,23.0,15.0,0.0,0.0,0.0,7.0,19.0,15.0,16.0,10.0,8.0,11.0,18.0,12.0,0.0,0.0,0.0,1.0,7.0,13.0,14.0,8.0,19.0,17.0,13.0,14.0,0.0,0.0,0.0,4.0,4.0,2.0,3.0,2.0,4.0,7.0,8.0,4.0,0.0,0.0,0.0,3.0,6.0,8.0,7.0,4.0,4.0,9.0,15.0,13.0,2.0,0.0,0.0,0.0,0.0,0.0,0.0,0.0,0.0,0.0,0.0,0.0,0.0,0.0,7.7236603742956484,0.0,4.0,13.0,7.716370447390141,1.75,7.0,14.25,14.916666666666666,9.666666666666666,8.833333333333334,3.1666666666666665,5.916666666666667,0.0,0.0,4.4,12.4,12.6,12.4,9.4,10.4,13.0,15.4,11.6,0.4,0.0
Santa Maria,0.0,19.0,46.0,45.0,52.0,44.0,40.0,36.0,34.0,19.0,0.0,0.0,0.0,17.0,38.0,33.0,28.0,37.0,36.0,35.0,33.0,18.0,0.0,0.0,0.0,10.0,29.0,28.0,21.0,19.0,26.0,30.0,31.0,14.0,0.0,0.0,0.0,13.0,27.0,21.0,13.0,18.0,11.0,17.0,16.0,11.0,0.0,0.0,0.0,13.0,26.0,29.0,19.0,23.0,26.0,27.0,28.0,16.0,0.0,0.0,0.0,0.0,0.0,0.0,0.0,0.0,0.0,0.0,0.0,0.0,0.0,0.0,15.14551225515494,0.0,16.5,28.0,14.538629626358512,7.5,19.0,29.25,27.916666666666668,22.916666666666668,17.333333333333332,12.25,17.25,0.0,0.0,14.4,33.2,31.2,26.6,28.2,27.8,29.0,28.4,15.6,0.0,0.0
Santa Monica,0.0,10.0,23.0,43.0,30.0,21.0,20.0,23.0,34.0,24.0,3.0,0.0,0.0,10.0,25.0,35.0,26.0,18.0,18.0,20.0,34.0,20.0,2.0,0.0,0.0,5.0,17.0,35.0,22.0,18.0,19.0,19.0,29.0,11.0,0.0,0.0,0.0,8.0,10.0,11.0,8.0,9.0,6.0,10.0,14.0,7.0,2.0,0.0,0.0,7.0,14.0,17.0,15.0,14.0,10.0,11.0,15.0,10.0,2.0,0.0,0.0,0.0,0.0,0.0,0.0,0.0,0.0,0.0,0.0,0.0,0.0,0.0,11.177995094599849,0.0,10.0,19.0,10.91627096363096,4.5,11.0,20.0,19.25,17.333333333333332,14.583333333333334,7.083333333333333,9.583333333333334,0.0,0.0,8.0,17.8,28.2,20.2,16.0,14.6,16.6,25.2,14.4,1.8,0.0
Santa Paula,1.0,13.0,41.0,39.0,20.0,28.0,20.0,21.0,28.0,11.0,0.0,0.0,1.0,18.0,33.0,29.0,25.0,21.0,18.0,14.0,14.0,12.0,0.0,0.0,0.0,4.0,16.0,42.0,23.0,29.0,27.0,23.0,13.0,6.0,0.0,0.0,1.0,8.0,19.0,30.0,20.0,20.0,23.0,25.0,27.0,10.0,0.0,0.0,1.0,9.0,19.0,36.0,33.0,21.0,17.0,17.0,14.0,8.0,1.0,0.0,0.0,0.0,0.0,0.0,0.0,0.0,0.0,0.0,0.0,0.0,0.0,0.0,12.48133974942322,0.0,13.0,21.5,12.044397623969983,3.25,17.0,23.5,18.5,15.416666666666666,15.25,15.25,14.666666666666666,0.0,0.8,10.4,25.6,35.2,24.2,23.8,21.0,20.0,19.2,9.4,0.2,0.0
Santa Rosa,0.0,5.0,16.0,24.0,21.0,20.0,12.0,10.0,19.0,15.0,0.0,0.0,0.0,6.0,6.0,11.0,10.0,12.0,8.0,12.0,22.0,14.0,0.0,0.0,0.0,2.0,9.0,28.0,27.0,22.0,19.0,14.0,20.0,13.0,0.0,0.0,0.0,5.0,8.0,10.0,6.0,4.0,6.0,7.0,14.0,7.0,0.0,0.0,0.0,7.0,11.0,16.0,11.0,6.0,7.0,9.0,17.0,13.0,0.0,0.0,0.0,0.0,0.0,0.0,0.0,0.0,0.0,0.0,0.0,0.0,0.0,0.0,7.900681910309219,0.0,6.5,13.0,7.765252896227713,1.5,8.5,14.0,11.833333333333334,8.416666666666666,12.833333333333334,5.583333333333333,8.083333333333334,0.0,0.0,5.0,10.0,17.8,15.0,12.8,10.4,10.4,18.4,12.4,0.0,0.0
Santa Teresa,0.0,6.0,11.0,12.0,19.0,17.0,19.0,14.0,16.0,9.0,0.0,0.0,0.0,7.0,20.0,19.0,13.0,13.0,19.0,18.0,21.0,8.0,0.0,0.0,0.0,2.0,12.0,18.0,15.0,13.0,15.0,15.0,12.0,6.0,0.0,0.0,0.0,3.0,5.0,8.0,8.0,8.0,9.0,14.0,10.0,2.0,0.0,0.0,0.0,4.0,7.0,7.0,10.0,6.0,14.0,11.0,9.0,4.0,0.0,0.0,0.0,0.0,0.0,0.0,0.0,0.0,0.0,0.0,0.0,0.0,0.0,0.0,6.885152199753576,0.0,6.5,13.0,6.700535436906736,1.5,8.0,14.0,10.25,11.5,9.0,5.583333333333333,6.0,0.0,0.0,4.4,11.0,12.8,13.0,11.4,15.2,14.4,13.6,5.8,0.0,0.0
Seaside,0.0,4.0,10.0,11.0,8.0,15.0,17.0,13.0,11.0,4.0,0.0,0.0,0.0,3.0,5.0,6.0,12.0,12.0,12.0,15.0,8.0,3.0,0.0,0.0,0.0,1.0,2.0,4.0,6.0,5.0,9.0,7.0,7.0,1.0,0.0,0.0,0.0,3.0,4.0,7.0,6.0,5.0,5.0,6.0,6.0,2.0,0.0,0.0,0.0,2.0,1.0,2.0,8.0,8.0,10.0,10.0,11.0,4.0,0.0,0.0,0.0,0.0,0.0,0.0,0.0,0.0,0.0,0.0,0.0,0.0,0.0,0.0,4.67184069309505,0.0,3.0,7.25,4.6595688556886845,0.75,4.5,8.0,7.75,6.333333333333333,3.5,3.6666666666666665,4.666666666666667,0.0,0.0,2.6,4.4,6.0,8.0,9.0,10.6,10.2,8.6,2.8,0.0,0.0
Shafter,0.0,8.0,18.0,36.0,44.0,29.0,36.0,30.0,42.0,25.0,0.0,0.0,0.0,6.0,24.0,40.0,36.0,28.0,17.0,26.0,35.0,14.0,0.0,0.0,0.0,2.0,12.0,30.0,43.0,29.0,19.0,21.0,25.0,15.0,0.0,0.0,0.0,7.0,16.0,10.0,9.0,11.0,11.0,17.0,19.0,9.0,1.0,0.0,0.0,9.0,14.0,12.0,17.0,12.0,17.0,13.0,12.0,6.0,2.0,0.0,0.0,0.0,0.0,0.0,0.0,0.0,0.0,0.0,0.0,0.0,0.0,0.0,13.25124377780599,0.0,10.5,19.5,13.114058527909899,2.0,12.5,25.0,22.333333333333332,18.833333333333332,16.333333333333332,9.166666666666666,9.5,0.0,0.0,6.4,16.8,25.6,29.8,21.8,20.0,21.4,26.6,13.8,0.6,0.0
Simi Valley,0.0,13.0,41.0,51.0,39.0,36.0,24.0,32.0,30.0,22.0,0.0,0.0,0.0,16.0,39.0,37.0,28.0,32.0,35.0,33.0,33.0,17.0,1.0,0.0,0.0,6.0,21.0,31.0,30.0,20.0,26.0,27.0,37.0,21.0,0.0,0.0,0.0,9.0,27.0,19.0,16.0,25.0,23.0,25.0,23.0,12.0,0.0,0.0,0.0,6.0,18.0,32.0,32.0,34.0,30.0,23.0,35.0,18.0,1.0,0.0,0.0,0.0,0.0,0.0,0.0,0.0,0.0,0.0,0.0,0.0,0.0,0.0,14.888290343702076,0.0,18.0,30.0,14.160540383573018,4.75,22.5,32.0,24.0,22.583333333333332,18.25,14.916666666666666,19.083333333333332,0.0,0.0,10.0,29.2,34.0,29.0,29.4,27.6,28.0,31.6,18.0,0.4,0.0
Sonora,0.0,7.0,27.0,33.0,18.0,16.0,14.0,19.0,13.0,5.0,0.0,0.0,0.0,9.0,18.0,19.0,16.0,15.0,15.0,16.0,9.0,3.0,0.0,0.0,0.0,1.0,7.0,22.0,25.0,28.0,19.0,12.0,12.0,3.0,0.0,0.0,0.0,4.0,4.0,3.0,7.0,9.0,3.0,6.0,6.0,1.0,0.0,0.0,0.0,4.0,5.0,5.0,7.0,12.0,14.0,17.0,9.0,2.0,0.0,0.0,0.0,0.0,0.0,0.0,0.0,0.0,0.0,0.0,0.0,0.0,0.0,0.0,8.356388295915448,0.0,4.0,13.25,8.446892919884803,0.75,6.5,15.0,12.666666666666666,10.0,10.75,3.5833333333333335,6.25,0.0,0.0,5.0,12.2,16.4,14.6,16.0,13.0,14.0,9.8,2.8,0.0,0.0
Stockton,0.0,8.0,7.0,10.0,9.0,15.0,18.0,16.0,20.0,10.0,0.0,0.0,0.0,7.0,12.0,16.0,13.0,14.0,13.0,13.0,19.0,4.0,0.0,0.0,0.0,5.0,9.0,14.0,9.0,9.0,14.0,13.0,17.0,3.0,0.0,0.0,0.0,6.0,11.0,15.0,10.0,10.0,14.0,12.0,16.0,8.0,0.0,0.0,0.0,7.0,8.0,7.0,6.0,10.0,11.0,11.0,18.0,9.0,0.0,0.0,0.0,0.0,0.0,0.0,0.0,0.0,0.0,0.0,0.0,0.0,0.0,0.0,6.375508203377217,0.0,7.5,12.25,6.071234388956642,2.25,9.0,13.0,9.416666666666666,9.25,7.75,8.5,7.25,0.0,0.0,6.6,9.4,12.4,9.4,11.6,14.0,13.0,18.0,6.8,0.0,0.0
Susanville,0.0,3.0,3.0,6.0,3.0,7.0,7.0,5.0,9.0,1.0,0.0,0.0,0.0,2.0,3.0,2.0,1.0,9.0,14.0,12.0,5.0,1.0,0.0,0.0,0.0,1.0,3.0,3.0,5.0,5.0,5.0,7.0,3.0,9.0,0.0,0.0,0.0,4.0,3.0,5.0,2.0,3.0,3.0,2.0,1.0,0.0,0.0,0.0,0.0,3.0,3.0,5.0,4.0,4.0,6.0,2.0,1.0,3.0,0.0,0.0,0.0,0.0,0.0,0.0,0.0,0.0,0.0,0.0,0.0,0.0,0.0,0.0,3.0881671283841734,0.0,2.0,4.0,3.1324797491015124,0.0,3.0,5.0,3.6666666666666665,4.083333333333333,3.4166666666666665,1.9166666666666667,2.5833333333333335,0.0,0.0,2.6,3.0,4.2,3.0,5.6,7.0,5.6,3.8,2.8,0.0,0.0
Taft,0.0,6.0,11.0,14.0,5.0,8.0,19.0,3.0,8.0,4.0,0.0,0.0,0.0,6.0,7.0,12.0,6.0,18.0,10.0,8.0,5.0,1.0,0.0,0.0,0.0,2.0,9.0,16.0,6.0,9.0,5.0,9.0,5.0,1.0,0.0,0.0,0.0,3.0,3.0,3.0,1.0,1.0,2.0,1.0,2.0,1.0,0.0,0.0,0.0,2.0,2.0,3.0,2.0,6.0,4.0,5.0,7.0,2.0,0.0,0.0,0.0,0.0,0.0,0.0,0.0,0.0,0.0,0.0,0.0,0.0,0.0,0.0,4.581529734759465,0.0,2.0,6.0,4.69074699217862,0.75,3.0,6.25,6.5,6.083333333333333,5.166666666666667,1.4166666666666667,2.75,0.0,0.0,3.8,6.4,9.6,4.0,8.4,8.0,5.2,5.4,1.8,0.0,0.0
Temecula,1.0,24.0,55.0,89.0,104.0,115.0,121.0,115.0,111.0,50.0,1.0,0.0,1.0,20.0,33.0,57.0,71.0,87.0,82.0,72.0,64.0,31.0,0.0,0.0,1.0,11.0,33.0,67.0,75.0,81.0,95.0,76.0,75.0,23.0,0.0,0.0,1.0,20.0,37.0,48.0,51.0,56.0,69.0,67.0,59.0,21.0,0.0,0.0,1.0,18.0,44.0,68.0,66.0,63.0,62.0,49.0,50.0,10.0,1.0,0.0,0.0,0.0,0.0,0.0,0.0,0.0,0.0,0.0,0.0,0.0,0.0,0.0,36.970857279077556,0.0,32.0,67.0,36.07100655823585,7.75,49.5,69.5,65.5,43.166666666666664,44.75,35.75,36.0,0.0,1.0,18.6,40.4,65.8,73.4,80.4,85.8,75.8,71.8,27.0,0.4,0.0
Thousand Oaks,0.0,12.0,29.0,32.0,26.0,39.0,39.0,33.0,27.0,19.0,1.0,0.0,0.0,11.0,31.0,42.0,17.0,28.0,23.0,28.0,27.0,18.0,3.0,0.0,0.0,4.0,18.0,41.0,39.0,25.0,35.0,26.0,26.0,18.0,2.0,0.0,0.0,7.0,17.0,22.0,15.0,17.0,18.0,14.0,18.0,8.0,0.0,0.0,0.0,11.0,28.0,32.0,20.0,24.0,27.0,17.0,23.0,11.0,1.0,0.0,0.0,0.0,0.0,0.0,0.0,0.0,0.0,0.0,0.0,0.0,0.0,0.0,13.430914925772889,0.0,16.0,26.0,12.855773176079387,3.75,18.0,27.0,21.416666666666668,19.0,19.5,11.333333333333334,16.166666666666668,0.0,0.0,9.0,24.6,33.8,23.4,26.6,28.4,23.6,24.2,14.8,1.4,0.0
Torrance,0.0,3.0,8.0,22.0,29.0,32.0,26.0,25.0,29.0,14.0,0.0,0.0,0.0,5.0,13.0,36.0,36.0,40.0,28.0,28.0,22.0,14.0,0.0,0.0,0.0,4.0,12.0,30.0,27.0,19.0,28.0,25.0,26.0,10.0,0.0,0.0,0.0,3.0,7.0,17.0,18.0,24.0,22.0,18.0,15.0,7.0,1.0,0.0,0.0,3.0,6.0,16.0,22.0,26.0,23.0,25.0,23.0,17.0,1.0,0.0,0.0,0.0,0.0,0.0,0.0,0.0,0.0,0.0,0.0,0.0,0.0,0.0,12.227235243101395,0.0,9.0,23.25,11.95985516606369,2.5,15.5,25.0,15.666666666666666,18.5,15.083333333333334,11.0,13.5,0.0,0.0,3.6,9.2,24.2,26.4,28.2,25.4,24.2,23.0,12.4,0.4,0.0
Tracy,0.0,21.0,39.0,39.0,40.0,43.0,44.0,28.0,27.0,9.0,0.0,0.0,0.0,16.0,22.0,13.0,14.0,20.0,21.0,23.0,25.0,22.0,0.0,0.0,0.0,1.0,13.0,33.0,31.0,21.0,28.0,29.0,29.0,11.0,0.0,0.0,0.0,10.0,7.0,5.0,6.0,7.0,11.0,6.0,8.0,4.0,0.0,0.0,0.0,12.0,17.0,16.0,15.0,18.0,14.0,16.0,19.0,6.0,0.0,0.0,0.0,0.0,0.0,0.0,0.0,0.0,0.0,0.0,0.0,0.0,0.0,0.0,12.797806137792994,0.0,8.5,21.0,12.741885642145519,0.75,13.0,22.0,24.166666666666668,14.666666666666666,16.333333333333332,5.333333333333333,11.083333333333334,0.0,0.0,12.0,19.6,21.2,21.2,21.8,23.6,20.4,21.6,10.4,0.0,0.0
Tulare,0.0,3.0,13.0,32.0,33.0,39.0,39.0,24.0,25.0,21.0,0.0,0.0,0.0,8.0,24.0,38.0,37.0,33.0,33.0,20.0,23.0,15.0,1.0,0.0,0.0,3.0,15.0,36.0,37.0,25.0,28.0,29.0,26.0,11.0,0.0,0.0,0.0,9.0,16.0,25.0,23.0,31.0,30.0,22.0,17.0,11.0,0.0,0.0,0.0,7.0,28.0,34.0,25.0,19.0,19.0,17.0,17.0,7.0,0.0,0.0,0.0,0.0,0.0,0.0,0.0,0.0,0.0,0.0,0.0,0.0,0.0,0.0,13.654924533158717,0.0,14.0,25.0,13.214612695821433,2.5,18.0,28.0,19.083333333333332,19.333333333333332,17.5,15.333333333333334,14.416666666666666,0.0,0.0,6.0,19.2,33.0,31.0,29.4,29.8,22.4,21.6,13.0,0.2,0.0
Tulelake,0.0,0.0,0.0,0.0,0.0,0.0,0.0,0.0,0.0,0.0,0.0,0.0,0.0,0.0,0.0,0.0,0.0,0.0,0.0,0.0,0.0,0.0,0.0,0.0,0.0,0.0,0.0,0.0,0.0,0.0,0.0,0.0,0.0,0.0,0.0,0.0,0.0,0.0,0.0,0.0,0.0,0.0,0.0,0.0,0.0,0.0,0.0,0.0,0.0,0.0,0.0,0.0,0.0,0.0,0.0,0.0,0.0,0.0,0.0,0.0,0.0,0.0,0.0,0.0,0.0,0.0,0.0,0.0,0.0,0.0,0.0,0.0,0.0,0.0,0.0,0.0,0.0,0.0,0.0,0.0,0.0,0.0,0.0,0.0,0.0,0.0,0.0,0.0,0.0,0.0,0.0,0.0,0.0,0.0,0.0,0.0,0.0,0.0
Turlock,1.0,16.0,34.0,54.0,47.0,53.0,46.0,39.0,45.0,13.0,0.0,0.0,1.0,19.0,31.0,39.0,35.0,43.0,27.0,28.0,28.0,14.0,1.0,0.0,1.0,5.0,27.0,50.0,32.0,53.0,51.0,40.0,50.0,24.0,1.0,0.0,1.0,11.0,24.0,30.0,18.0,25.0,20.0,13.0,13.0,5.0,0.0,0.0,1.0,13.0,28.0,22.0,28.0,25.0,17.0,17.0,24.0,22.0,0.0,0.0,0.0,0.0,0.0,0.0,0.0,0.0,0.0,0.0,0.0,0.0,0.0,0.0,17.641929487908573,0.0,16.5,28.5,17.15692774046465,4.0,22.0,32.5,29.0,22.166666666666668,27.833333333333332,13.333333333333334,16.416666666666668,0.0,1.0,12.8,28.8,39.0,32.0,39.8,32.2,27.4,32.0,15.6,0.4,0.0
Twentynine Palms,0.0,9.0,11.0,16.0,11.0,11.0,22.0,19.0,17.0,11.0,1.0,0.0,0.0,11.0,11.0,11.0,12.0,11.0,12.0,9.0,10.0,7.0,0.0,0.0,0.0,2.0,6.0,14.0,7.0,10.0,13.0,10.0,10.0,3.0,0.0,0.0,0.0,7.0,6.0,6.0,2.0,6.0,7.0,3.0,3.0,6.0,1.0,0.0,0.0,8.0,11.0,12.0,7.0,6.0,10.0,10.0,6.0,6.0,0.0,0.0,0.0,0.0,0.0,0.0,0.0,0.0,0.0,0.0,0.0,0.0,0.0,0.0,5.594262654531634,0.0,6.0,10.25,5.418111497873575,1.75,7.0,11.0,10.666666666666666,7.833333333333333,6.25,3.9166666666666665,6.333333333333333,0.0,0.0,7.4,9.0,11.8,7.8,8.8,12.8,10.2,9.2,6.6,0.4,0.0
Ukiah,0.0,6.0,16.0,24.0,11.0,28.0,25.0,23.0,23.0,18.0,2.0,0.0,0.0,5.0,12.0,28.0,20.0,23.0,16.0,14.0,20.0,9.0,0.0,0.0,0.0,1.0,10.0,27.0,30.0,29.0,41.0,27.0,13.0,10.0,0.0,0.0,0.0,2.0,14.0,16.0,16.0,19.0,16.0,9.0,10.0,21.0,0.0,0.0,0.0,5.0,9.0,9.0,13.0,20.0,14.0,24.0,14.0,6.0,0.0,0.0,0.0,0.0,0.0,0.0,0.0,0.0,0.0,0.0,0.0,0.0,0.0,0.0,10.474053193360229,0.0,9.0,18.25,10.279923937373859,1.75,12.5,20.0,14.666666666666666,12.25,15.666666666666666,10.25,9.5,0.0,0.0,3.8,12.2,20.8,18.0,23.8,22.4,19.4,16.0,12.8,0.4,0.0
Vacaville,0.0,12.0,38.0,46.0,37.0,33.0,30.0,25.0,18.0,5.0,0.0,0.0,0.0,15.0,25.0,23.0,25.0,20.0,18.0,24.0,22.0,8.0,0.0,0.0,0.0,2.0,13.0,23.0,18.0,19.0,21.0,18.0,15.0,6.0,0.0,0.0,0.0,10.0,14.0,3.0,2.0,4.0,5.0,10.0,9.0,5.0,0.0,0.0,0.0,6.0,9.0,7.0,4.0,2.0,6.0,11.0,15.0,8.0,0.0,0.0,0.0,0.0,0.0,0.0,0.0,0.0,0.0,0.0,0.0,0.0,0.0,0.0,11.193341064849816,0.0,5.5,18.0,11.332406907964591,1.5,8.5,18.25,20.333333333333332,15.0,11.25,5.166666666666667,5.666666666666667,0.0,0.0,9.0,19.8,20.4,17.2,15.6,16.0,17.6,15.8,6.4,0.0,0.0
Vallejo,3.0,26.0,48.0,59.0,71.0,66.0,70.0,66.0,74.0,58.0,0.0,0.0,2.0,19.0,32.0,33.0,28.0,15.0,21.0,20.0,20.0,11.0,0.0,0.0,1.0,5.0,23.0,35.0,42.0,36.0,28.0,24.0,28.0,18.0,1.0,0.0,1.0,9.0,9.0,11.0,7.0,8.0,9.0,9.0,8.0,3.0,0.0,0.0,2.0,16.0,17.0,19.0,14.0,17.0,25.0,34.0,25.0,17.0,0.0,0.0,0.0,0.0,0.0,0.0,0.0,0.0,0.0,0.0,0.0,0.0,0.0,0.0,20.343523768300912,0.0,10.0,25.25,20.62259059715469,3.0,17.0,28.0,45.083333333333336,16.75,20.083333333333332,6.166666666666667,15.5,0.0,1.8,15.0,25.8,31.4,32.4,28.4,30.6,30.6,31.0,21.4,0.2,0.0
Van Nuys,0.0,14.0,32.0,49.0,30.0,37.0,42.0,35.0,47.0,22.0,6.0,0.0,0.0,12.0,30.0,35.0,34.0,40.0,39.0,23.0,30.0,15.0,6.0,0.0,0.0,6.0,30.0,42.0,40.0,44.0,39.0,37.0,32.0,17.0,6.0,0.0,0.0,10.0,20.0,24.0,22.0,24.0,20.0,18.0,22.0,11.0,4.0,0.0,0.0,9.0,21.0,31.0,24.0,25.0,21.0,18.0,23.0,9.0,5.0,0.0,0.0,0.0,0.0,0.0,0.0,0.0,0.0,0.0,0.0,0.0,0.0,0.0,15.383872619604364,0.0,17.5,30.0,14.606089589871226,6.0,21.5,32.0,26.166666666666668,22.0,24.416666666666668,14.583333333333334,15.5,0.0,0.0,10.2,26.6,36.2,30.0,34.0,32.2,26.2,30.8,14.8,5.4,0.0
Ventura,0.0,10.0,23.0,25.0,19.0,26.0,18.0,19.0,22.0,5.0,0.0,0.0,0.0,8.0,8.0,8.0,14.0,27.0,19.0,8.0,10.0,3.0,0.0,0.0,0.0,4.0,7.0,16.0,12.0,14.0,15.0,8.0,4.0,4.0,0.0,0.0,0.0,7.0,9.0,11.0,8.0,18.0,23.0,21.0,18.0,15.0,0.0,0.0,0.0,5.0,8.0,8.0,7.0,10.0,15.0,17.0,15.0,12.0,0.0,0.0,0.0,0.0,0.0,0.0,0.0,0.0,0.0,0.0,0.0,0.0,0.0,0.0,8.170989083202173,0.0,7.5,15.0,8.021352155059658,2.25,8.0,15.25,13.916666666666666,8.75,7.0,10.833333333333334,8.083333333333334,0.0,0.0,6.8,11.0,13.6,12.0,19.0,18.0,14.6,13.8,7.8,0.0,0.0
Victorville,1.0,13.0,38.0,63.0,78.0,74.0,60.0,49.0,43.0,15.0,0.0,0.0,1.0,11.0,28.0,49.0,46.0,43.0,37.0,35.0,37.0,20.0,0.0,0.0,1.0,6.0,21.0,47.0,58.0,49.0,48.0,34.0,32.0,9.0,0.0,0.0,1.0,10.0,19.0,23.0,24.0,28.0,30.0,24.0,22.0,9.0,0.0,0.0,1.0,9.0,19.0,29.0,35.0,31.0,30.0,26.0,26.0,12.0,0.0,0.0,0.0,0.0,0.0,0.0,0.0,0.0,0.0,0.0,0.0,0.0,0.0,0.0,20.816190129752293,0.0,17.0,34.25,20.540465780095563,4.75,23.5,37.0,36.166666666666664,25.583333333333332,25.416666666666668,15.833333333333334,18.166666666666668,0.0,1.0,9.8,25.0,42.2,48.2,45.0,41.0,33.6,32.0,13.0,0.0,0.0
Visalia,0.0,7.0,16.0,21.0,17.0,25.0,30.0,24.0,16.0,13.0,0.0,0.0,0.0,7.0,14.0,22.0,20.0,20.0,20.0,19.0,15.0,9.0,0.0,0.0,0.0,2.0,15.0,28.0,21.0,16.0,17.0,17.0,18.0,7.0,0.0,0.0,0.0,6.0,11.0,16.0,7.0,12.0,16.0,16.0,9.0,3.0,0.0,0.0,0.0,6.0,13.0,19.0,14.0,18.0,19.0,19.0,12.0,7.0,0.0,0.0,0.0,0.0,0.0,0.0,0.0,0.0,0.0,0.0,0.0,0.0,0.0,0.0,8.89979646687494,0.0,8.0,17.0,8.579620446479536,1.5,13.0,18.0,14.083333333333334,12.166666666666666,11.75,8.0,10.583333333333334,0.0,0.0,5.6,13.8,21.2,15.8,18.2,20.4,19.0,14.0,7.8,0.0,0.0
Watsonville,0.0,7.0,9.0,9.0,6.0,8.0,9.0,7.0,5.0,2.0,0.0,0.0,0.0,5.0,2.0,4.0,4.0,3.0,4.0,8.0,10.0,6.0,0.0,0.0,0.0,2.0,6.0,5.0,6.0,5.0,5.0,7.0,4.0,1.0,0.0,0.0,0.0,3.0,4.0,4.0,7.0,1.0,3.0,4.0,3.0,1.0,0.0,0.0,0.0,4.0,2.0,2.0,2.0,1.0,4.0,3.0,2.0,1.0,0.0,0.0,0.0,0.0,0.0,0.0,0.0,0.0,0.0,0.0,0.0,0.0,0.0,0.0,2.9129251655928767,0.0,2.0,5.0,2.8857726202560046,0.75,3.0,5.0,5.166666666666667,3.8333333333333335,3.4166666666666665,2.5,1.75,0.0,0.0,4.2,4.6,4.8,5.0,3.6,5.0,5.8,4.8,2.2,0.0,0.0
Weaverville,0.0,2.0,5.0,3.0,3.0,0.0,3.0,4.0,4.0,2.0,0.0,0.0,0.0,1.0,3.0,6.0,6.0,6.0,3.0,4.0,2.0,1.0,0.0,0.0,0.0,1.0,5.0,6.0,2.0,0.0,3.0,7.0,6.0,3.0,0.0,0.0,0.0,1.0,3.0,3.0,1.0,0.0,2.0,3.0,2.0,2.0,0.0,0.0,0.0,1.0,1.0,4.0,0.0,0.0,1.0,3.0,3.0,1.0,0.0,0.0,0.0,0.0,0.0,0.0,0.0,0.0,0.0,0.0,0.0,0.0,0.0,0.0,1.9903916302930262,0.0,1.0,3.0,2.016597794967223,0.0,2.0,3.0,2.1666666666666665,2.6666666666666665,2.75,1.4166666666666667,1.1666666666666667,0.0,0.0,1.2,3.4,4.4,2.4,1.2,2.4,4.2,3.4,1.8,0.0,0.0
West Covina,0.0,7.0,33.0,24.0,17.0,36.0,29.0,32.0,53.0,66.0,12.0,0.0,0.0,11.0,33.0,20.0,10.0,22.0,23.0,28.0,45.0,25.0,2.0,0.0,0.0,4.0,15.0,26.0,26.0,29.0,29.0,45.0,63.0,67.0,7.0,0.0,0.0,8.0,23.0,25.0,15.0,32.0,42.0,33.0,38.0,41.0,3.0,0.0,0.0,8.0,26.0,20.0,4.0,16.0,26.0,24.0,36.0,41.0,15.0,0.0,0.0,0.0,0.0,0.0,0.0,0.0,0.0,0.0,0.0,0.0,0.0,0.0,17.897984035942727,0.0,15.5,29.0,17.437823362329922,7.0,23.0,32.25,25.75,18.25,25.916666666666668,21.666666666666668,18.0,0.0,0.0,7.6,26.0,23.0,14.4,27.0,29.8,32.4,47.0,48.0,7.8,0.0
West Hollywood,0.0,10.0,14.0,17.0,16.0,16.0,25.0,20.0,18.0,15.0,3.0,0.0,0.0,10.0,17.0,16.0,19.0,13.0,16.0,15.0,15.0,15.0,3.0,0.0,0.0,3.0,12.0,16.0,19.0,10.0,9.0,13.0,16.0,15.0,3.0,0.0,0.0,7.0,4.0,8.0,18.0,12.0,16.0,12.0,11.0,12.0,2.0,0.0,0.0,9.0,9.0,9.0,8.0,9.0,11.0,14.0,19.0,12.0,2.0,0.0,0.0,0.0,0.0,0.0,0.0,0.0,0.0,0.0,0.0,0.0,0.0,0.0,7.185652872129856,0.0,9.0,15.0,6.66661723145513,3.0,11.5,16.0,12.833333333333334,11.583333333333334,9.666666666666666,8.5,8.5,0.0,0.0,7.8,11.2,13.2,16.0,12.0,15.4,14.8,15.8,13.8,2.6,0.0
West Sacramento Commercial Drive Test Center,0.0,0.0,0.0,1.0,1.0,1.0,1.0,0.0,1.0,0.0,0.0,0.0,0.0,0.0,0.0,1.0,1.0,1.0,1.0,1.0,3.0,0.0,0.0,0.0,1.0,1.0,0.0,1.0,1.0,2.0,1.0,1.0,1.0,0.0,0.0,0.0,0.0,0.0,1.0,1.0,0.0,1.0,1.0,1.0,0.0,0.0,0.0,0.0,1.0,1.0,1.0,1.0,1.0,2.0,1.0,1.0,1.0,0.0,0.0,0.0,0.0,0.0,0.0,0.0,0.0,0.0,0.0,0.0,0.0,0.0,0.0,0.0,0.6278300558508918,0.0,0.0,1.0,0.6402241838994506,0.0,1.0,1.0,0.4166666666666667,0.6666666666666666,0.75,0.4166666666666667,0.8333333333333334,0.0,0.4,0.4,0.4,1.0,0.8,1.4,1.0,0.8,1.2,0.0,0.0,0.0
Westminster,0.0,19.0,40.0,53.0,47.0,46.0,30.0,29.0,30.0,25.0,3.0,0.0,0.0,20.0,32.0,33.0,27.0,9.0,6.0,7.0,10.0,10.0,0.0,0.0,0.0,8.0,18.0,28.0,29.0,23.0,12.0,13.0,17.0,7.0,0.0,0.0,0.0,12.0,17.0,10.0,3.0,4.0,6.0,11.0,12.0,8.0,1.0,0.0,0.0,15.0,24.0,23.0,23.0,11.0,6.0,9.0,10.0,13.0,3.0,0.0,0.0,0.0,0.0,0.0,0.0,0.0,0.0,0.0,0.0,0.0,0.0,0.0,13.209045129737298,0.0,8.5,19.25,13.2585757345378,3.0,10.5,23.0,26.833333333333332,12.833333333333334,12.916666666666666,7.0,11.416666666666666,0.0,0.0,14.8,26.2,29.4,25.8,18.6,12.0,13.8,15.8,12.6,1.4,0.0
Whittier,0.0,18.0,22.0,30.0,28.0,20.0,20.0,18.0,18.0,6.0,0.0,0.0,0.0,13.0,13.0,17.0,15.0,13.0,9.0,11.0,18.0,6.0,0.0,0.0,0.0,4.0,14.0,23.0,12.0,10.0,8.0,8.0,12.0,4.0,0.0,0.0,0.0,8.0,8.0,11.0,6.0,4.0,9.0,7.0,8.0,6.0,0.0,0.0,1.0,10.0,5.0,8.0,5.0,5.0,7.0,8.0,11.0,5.0,0.0,0.0,0.0,0.0,0.0,0.0,0.0,0.0,0.0,0.0,0.0,0.0,0.0,0.0,7.578230496942458,0.0,6.0,11.25,7.502090104244509,3.25,8.0,13.0,15.0,9.583333333333334,7.916666666666667,5.583333333333333,5.416666666666667,0.0,0.2,10.6,12.4,17.8,13.2,10.4,10.6,10.4,13.4,5.4,0.0,0.0
Willows,0.0,7.0,17.0,18.0,15.0,11.0,14.0,14.0,5.0,4.0,0.0,0.0,0.0,3.0,10.0,6.0,2.0,4.0,2.0,2.0,3.0,1.0,0.0,0.0,0.0,1.0,8.0,6.0,12.0,8.0,4.0,5.0,6.0,4.0,0.0,0.0,0.0,4.0,4.0,3.0,4.0,5.0,3.0,2.0,2.0,1.0,0.0,0.0,0.0,4.0,6.0,5.0,3.0,3.0,3.0,3.0,3.0,2.0,0.0,0.0,0.0,0.0,0.0,0.0,0.0,0.0,0.0,0.0,0.0,0.0,0.0,0.0,4.392695601551208,0.0,2.5,5.0,4.497833753550288,0.75,3.0,5.25,8.75,2.75,4.5,2.3333333333333335,2.6666666666666665,0.0,0.0,3.8,9.0,7.6,7.2,6.2,5.2,5.2,3.8,2.4,0.0,0.0
Winnetka,0.0,17.0,47.0,64.0,61.0,56.0,50.0,54.0,29.0,21.0,2.0,0.0,0.0,15.0,37.0,49.0,47.0,47.0,51.0,52.0,38.0,16.0,3.0,0.0,0.0,4.0,15.0,31.0,43.0,43.0,50.0,48.0,25.0,8.0,1.0,0.0,0.0,11.0,23.0,17.0,18.0,21.0,20.0,25.0,25.0,11.0,2.0,0.0,0.0,9.0,18.0,23.0,28.0,30.0,39.0,45.0,34.0,16.0,4.0,0.0,0.0,0.0,0.0,0.0,0.0,0.0,0.0,0.0,0.0,0.0,0.0,0.0,19.902889237495142,0.0,16.5,37.25,19.459148865669103,4.0,21.0,43.0,33.416666666666664,29.583333333333332,22.333333333333332,14.416666666666666,20.5,0.0,0.0,11.2,28.0,36.8,39.4,39.4,42.0,44.8,30.2,14.4,2.4,0.0
Woodland,0.0,15.0,28.0,32.0,33.0,18.0,17.0,18.0,29.0,10.0,0.0,0.0,0.0,11.0,13.0,22.0,24.0,9.0,4.0,5.0,16.0,8.0,0.0,0.0,0.0,4.0,16.0,32.0,37.0,20.0,10.0,9.0,21.0,10.0,0.0,0.0,0.0,7.0,5.0,7.0,5.0,4.0,3.0,5.0,8.0,4.0,0.0,0.0,0.0,13.0,30.0,35.0,37.0,38.0,27.0,20.0,28.0,6.0,0.0,0.0,0.0,0.0,0.0,0.0,0.0,0.0,0.0,0.0,0.0,0.0,0.0,0.0,11.890270019085378,0.0,5.5,18.0,11.976566101901678,2.25,9.0,20.25,16.666666666666668,9.333333333333334,13.25,4.0,19.5,0.0,0.0,10.0,18.4,25.6,27.2,17.8,12.2,11.4,20.4,7.6,0.0,0.0
Yreka,0.0,6.0,10.0,11.0,10.0,6.0,13.0,13.0,19.0,11.0,0.0,0.0,0.0,3.0,5.0,10.0,11.0,17.0,6.0,20.0,13.0,3.0,0.0,0.0,0.0,1.0,5.0,9.0,4.0,13.0,8.0,7.0,4.0,2.0,0.0,0.0,0.0,4.0,2.0,7.0,9.0,5.0,4.0,4.0,5.0,3.0,0.0,0.0,0.0,4.0,10.0,13.0,16.0,10.0,4.0,9.0,10.0,0.0,0.0,0.0,0.0,0.0,0.0,0.0,0.0,0.0,0.0,0.0,0.0,0.0,0.0,0.0,5.419040649870161,0.0,4.0,9.25,5.4102591393391,0.0,5.0,10.0,8.25,7.333333333333333,4.416666666666667,3.5833333333333335,6.333333333333333,0.0,0.0,3.6,6.4,10.0,10.0,10.2,7.0,10.6,10.2,3.8,0.0,0.0
Yuba City,1.0,17.0,19.0,17.0,23.0,15.0,13.0,19.0,20.0,20.0,0.0,0.0,1.0,16.0,15.0,19.0,17.0,11.0,13.0,15.0,14.0,10.0,0.0,0.0,1.0,3.0,13.0,15.0,10.0,18.0,18.0,18.0,18.0,13.0,0.0,0.0,0.0,9.0,7.0,8.0,7.0,12.0,12.0,11.0,12.0,7.0,0.0,0.0,0.0,13.0,12.0,10.0,12.0,15.0,16.0,14.0,15.0,11.0,1.0,0.0,0.0,0.0,0.0,0.0,0.0,0.0,0.0,0.0,0.0,0.0,0.0,0.0,7.429743970128368,0.0,10.5,15.0,6.9266536706728985,2.5,12.0,15.25,13.666666666666666,10.916666666666666,10.583333333333334,7.083333333333333,9.916666666666666,0.0,0.6,11.6,13.2,13.8,13.8,14.2,14.4,15.4,15.8,12.2,0.2,0.0
Bishop,1.0,8.0,19.0,21.0,20.0,21.0,7.0,13.0,15.0,8.0,0.0,0.0,0.0,8.0,6.0,6.0,9.0,4.0,6.0,10.0,9.0,1.0,0.0,0.0,0.0,1.0,7.0,13.0,10.0,11.0,11.0,5.0,4.0,1.0,0.0,0.0,1.0,4.0,3.0,3.0,5.0,2.0,2.0,3.0,5.0,3.0,0.0,0.0,0.0,5.0,5.0,7.0,12.0,12.0,15.0,7.0,11.0,5.0,0.0,0.0,0.0,0.0,0.0,0.0,0.0,0.0,0.0,0.0,0.0,0.0,0.0,0.0,5.7367763163568055,0.0,3.5,8.0,5.773380370628181,1.0,5.0,9.25,11.083333333333334,4.916666666666667,5.25,2.5833333333333335,6.583333333333333,0.0,0.4,5.2,8.0,10.0,11.2,10.0,8.2,7.6,8.8,3.6,0.0,0.0
Barstow,0.0,14.0,31.0,38.0,38.0,33.0,42.0,34.0,30.0,10.0,1.0,0.0,0.0,14.0,22.0,22.0,20.0,17.0,14.0,18.0,23.0,5.0,0.0,0.0,0.0,6.0,22.0,31.0,20.0,20.0,20.0,20.0,10.0,6.0,0.0,0.0,0.0,10.0,6.0,9.0,10.0,11.0,11.0,6.0,6.0,5.0,0.0,0.0,0.0,11.0,15.0,20.0,10.0,11.0,18.0,12.0,8.0,8.0,1.0,0.0,0.0,0.0,0.0,0.0,0.0,0.0,0.0,0.0,0.0,0.0,0.0,0.0,11.386706344555996,0.0,8.5,18.5,11.321932617362215,4.0,10.5,20.0,22.583333333333332,12.916666666666666,12.916666666666666,6.166666666666667,9.5,0.0,0.0,11.0,19.2,24.0,19.6,18.4,21.0,18.0,15.4,6.8,0.4,0.0
Blythe,0.0,4.0,12.0,13.0,8.0,7.0,7.0,3.0,3.0,2.0,0.0,0.0,0.0,6.0,11.0,15.0,4.0,4.0,3.0,5.0,5.0,4.0,2.0,0.0,0.0,1.0,5.0,4.0,7.0,7.0,2.0,2.0,3.0,1.0,0.0,0.0,0.0,2.0,3.0,4.0,5.0,3.0,5.0,2.0,3.0,2.0,0.0,0.0,0.0,2.0,2.0,2.0,5.0,6.0,3.0,2.0,2.0,2.0,0.0,0.0,0.0,0.0,0.0,0.0,0.0,0.0,0.0,0.0,0.0,0.0,0.0,0.0,3.3130545125975335,0.0,2.0,4.0,3.3511529342452526,1.0,3.0,5.0,4.916666666666667,4.916666666666667,2.6666666666666665,2.4166666666666665,2.1666666666666665,0.0,0.0,3.0,6.6,7.6,5.8,5.4,4.0,2.8,3.2,2.2,0.4,0.0
Colusa,0.0,12.0,23.0,18.0,16.0,15.0,19.0,16.0,13.0,5.0,0.0,0.0,0.0,6.0,11.0,7.0,9.0,9.0,5.0,8.0,7.0,1.0,0.0,0.0,0.0,1.0,7.0,12.0,17.0,10.0,10.0,4.0,4.0,2.0,0.0,0.0,0.0,5.0,2.0,3.0,1.0,3.0,2.0,6.0,2.0,3.0,0.0,0.0,0.0,3.0,2.0,4.0,3.0,4.0,8.0,9.0,14.0,4.0,0.0,0.0,0.0,0.0,0.0,0.0,0.0,0.0,0.0,0.0,0.0,0.0,0.0,0.0,5.7822884012239975,0.0,3.0,8.0,5.884841198554417,0.75,4.0,9.0,11.416666666666666,5.25,5.583333333333333,2.25,4.25,0.0,0.0,5.4,9.0,8.8,9.2,8.2,8.8,8.6,8.0,3.0,0.0,0.0
El Monte,0.0,11.0,34.0,27.0,27.0,39.0,41.0,39.0,43.0,36.0,3.0,0.0,0.0,14.0,34.0,35.0,38.0,37.0,30.0,28.0,33.0,27.0,1.0,0.0,0.0,6.0,18.0,34.0,37.0,42.0,36.0,31.0,37.0,22.0,0.0,0.0,0.0,11.0,24.0,32.0,36.0,29.0,28.0,16.0,16.0,10.0,0.0,0.0,0.0,11.0,24.0,28.0,27.0,27.0,41.0,32.0,36.0,27.0,1.0,0.0,0.0,0.0,0.0,0.0,0.0,0.0,0.0,0.0,0.0,0.0,0.0,0.0,15.860305664603311,0.0,20.0,33.25,14.95439394643209,5.25,27.0,34.25,25.0,23.083333333333332,21.916666666666668,16.833333333333332,21.166666666666668,0.0,0.0,10.6,26.8,31.2,33.0,34.8,35.2,29.2,33.0,24.4,1.0,0.0
Jackson,0.0,6.0,17.0,19.0,19.0,27.0,29.0,20.0,18.0,4.0,0.0,0.0,0.0,5.0,5.0,4.0,10.0,13.0,5.0,5.0,7.0,1.0,0.0,0.0,0.0,2.0,11.0,26.0,38.0,22.0,13.0,8.0,10.0,4.0,0.0,0.0,0.0,3.0,3.0,4.0,6.0,9.0,2.0,5.0,6.0,3.0,0.0,0.0,0.0,5.0,7.0,12.0,11.0,14.0,14.0,12.0,5.0,1.0,0.0,0.0,0.0,0.0,0.0,0.0,0.0,0.0,0.0,0.0,0.0,0.0,0.0,0.0,8.331126468348197,0.0,4.0,10.25,8.551274395393397,0.75,5.0,12.0,13.25,4.583333333333333,11.166666666666666,3.4166666666666665,6.75,0.0,0.0,4.2,8.6,13.0,16.8,17.0,12.6,10.0,9.2,2.6,0.0,0.0
Needles,0.0,16.0,35.0,45.0,37.0,44.0,43.0,29.0,3.0,1.0,0.0,0.0,0.0,8.0,12.0,8.0,23.0,22.0,12.0,12.0,5.0,0.0,0.0,0.0,0.0,2.0,10.0,21.0,8.0,5.0,11.0,16.0,10.0,3.0,0.0,0.0,0.0,11.0,14.0,7.0,7.0,2.0,3.0,4.0,4.0,1.0,0.0,0.0,0.0,11.0,16.0,8.0,5.0,11.0,6.0,4.0,5.0,0.0,0.0,0.0,0.0,0.0,0.0,0.0,0.0,0.0,0.0,0.0,0.0,0.0,0.0,0.0,11.257826350903837,0.0,3.5,11.0,11.736754765665784,0.0,5.0,12.0,21.083333333333332,8.5,7.166666666666667,4.416666666666667,5.5,0.0,0.0,9.6,17.4,17.8,16.0,16.8,15.0,13.0,5.4,1.0,0.0,0.0
Oroville,0.0,7.0,7.0,12.0,10.0,14.0,16.0,12.0,16.0,7.0,0.0,0.0,0.0,5.0,2.0,7.0,7.0,13.0,15.0,10.0,12.0,4.0,0.0,0.0,0.0,1.0,6.0,9.0,8.0,14.0,10.0,5.0,4.0,2.0,0.0,0.0,0.0,1.0,1.0,6.0,4.0,9.0,13.0,7.0,3.0,1.0,0.0,0.0,0.0,2.0,3.0,3.0,9.0,9.0,7.0,2.0,5.0,1.0,0.0,0.0,0.0,0.0,0.0,0.0,0.0,0.0,0.0,0.0,0.0,0.0,0.0,0.0,4.95312534711422,0.0,2.5,7.25,4.967095116695983,0.75,4.5,9.0,8.416666666666666,6.25,4.916666666666667,3.75,3.4166666666666665,0.0,0.0,3.2,3.8,7.4,7.6,11.8,12.2,7.2,8.0,3.0,0.0,0.0
Ridgecrest,0.0,8.0,17.0,16.0,27.0,26.0,25.0,22.0,20.0,8.0,0.0,0.0,0.0,11.0,15.0,16.0,16.0,11.0,17.0,14.0,12.0,8.0,0.0,0.0,0.0,2.0,11.0,18.0,19.0,21.0,16.0,13.0,14.0,7.0,0.0,0.0,0.0,4.0,10.0,4.0,8.0,12.0,13.0,12.0,4.0,4.0,0.0,0.0,0.0,6.0,9.0,14.0,14.0,8.0,4.0,5.0,12.0,7.0,0.0,0.0,0.0,0.0,0.0,0.0,0.0,0.0,0.0,0.0,0.0,0.0,0.0,0.0,7.79711434924959,0.0,7.0,14.0,7.6416935443649345,1.5,8.5,14.25,14.083333333333334,10.0,10.083333333333334,5.916666666666667,6.583333333333333,0.0,0.0,6.2,12.4,13.6,16.8,15.6,15.0,13.2,12.4,6.8,0.0,0.0
San Andreas,0.0,10.0,12.0,16.0,15.0,22.0,11.0,9.0,15.0,6.0,0.0,0.0,0.0,5.0,6.0,14.0,6.0,4.0,7.0,5.0,4.0,0.0,0.0,0.0,0.0,1.0,8.0,9.0,8.0,14.0,14.0,5.0,7.0,3.0,0.0,0.0,0.0,8.0,6.0,8.0,11.0,8.0,5.0,1.0,2.0,1.0,0.0,0.0,0.0,6.0,10.0,6.0,6.0,4.0,3.0,4.0,5.0,1.0,0.0,0.0,0.0,0.0,0.0,0.0,0.0,0.0,0.0,0.0,0.0,0.0,0.0,0.0,5.158501043941378,0.0,4.0,8.0,5.183061285937618,0.0,5.0,8.0,9.666666666666666,4.25,5.75,4.166666666666667,3.75,0.0,0.0,6.0,8.4,10.6,9.2,10.4,8.0,4.8,6.6,2.2,0.0,0.0
South Lake Tahoe,0.0,10.0,14.0,15.0,19.0,28.0,25.0,15.0,25.0,15.0,0.0,0.0,0.0,4.0,5.0,8.0,10.0,17.0,24.0,12.0,11.0,7.0,0.0,0.0,0.0,1.0,8.0,11.0,17.0,18.0,17.0,24.0,21.0,10.0,0.0,0.0,0.0,2.0,5.0,6.0,5.0,17.0,19.0,16.0,19.0,4.0,0.0,0.0,0.0,2.0,5.0,11.0,14.0,7.0,8.0,5.0,11.0,7.0,0.0,0.0,0.0,0.0,0.0,0.0,0.0,0.0,0.0,0.0,0.0,0.0,0.0,0.0,8.15283393032519,0.0,5.0,14.25,8.09554526312741,0.75,8.0,15.25,13.833333333333334,8.166666666666666,10.583333333333334,7.75,5.833333333333333,0.0,0.0,3.8,7.4,10.2,13.0,17.4,18.6,14.4,17.4,8.6,0.0,0.0
Truckee,0.0,19.0,55.0,65.0,58.0,58.0,47.0,31.0,17.0,11.0,0.0,0.0,0.0,12.0,36.0,31.0,23.0,27.0,28.0,19.0,16.0,13.0,0.0,0.0,0.0,3.0,18.0,26.0,31.0,35.0,30.0,23.0,17.0,6.0,0.0,0.0,0.0,10.0,18.0,17.0,9.0,19.0,17.0,7.0,10.0,6.0,0.0,0.0,0.0,11.0,25.0,18.0,18.0,22.0,24.0,28.0,23.0,12.0,0.0,1.0,0.0,0.0,0.0,0.0,0.0,0.0,0.0,0.0,0.0,0.0,0.0,0.0,16.0656663043528,0.0,11.5,23.0,16.083995624664826,2.5,17.0,25.25,30.083333333333332,17.083333333333332,15.75,9.416666666666666,15.166666666666666,0.0,0.0,11.0,30.4,31.4,27.8,32.2,29.2,21.6,16.6,9.6,0.0,0.2
